sample_index,feature_name,original_value,perturbed_value,value_change,original_prediction,new_prediction,prediction_change,true_value,original_error,new_error,error_change,prediction_worsened
8379,Production,0.0530250808632483,-0.046974919136751704,-0.1,1405.7207675982863,1401.7459462489242,-3.9748213493621734,1416.0,10.27923240171367,14.254053751075844,3.9748213493621734,True
8379,Production,0.0530250808632483,-0.013641585803418378,-0.06666666666666668,1405.7207675982863,1401.7459462489242,-3.9748213493621734,1416.0,10.27923240171367,14.254053751075844,3.9748213493621734,True
8379,Production,0.0530250808632483,0.01969174752991496,-0.03333333333333334,1405.7207675982863,1386.900278559962,-18.82048903832424,1416.0,10.27923240171367,29.09972144003791,18.82048903832424,True
8379,Production,0.0530250808632483,0.0530250808632483,0.0,1405.7207675982863,1405.7207675982863,0.0,1416.0,10.27923240171367,10.27923240171367,0.0,False
8379,Production,0.0530250808632483,0.08635841419658163,0.03333333333333333,1405.7207675982863,1403.2762686632427,-2.4444989350436117,1416.0,10.27923240171367,12.723731336757282,2.4444989350436117,True
8379,Production,0.0530250808632483,0.11969174752991496,0.06666666666666665,1405.7207675982863,1400.8259129737376,-4.8948546245487705,1416.0,10.27923240171367,15.174087026262441,4.8948546245487705,True
8379,Production,0.0530250808632483,0.15302508086324831,0.1,1405.7207675982863,1400.8259129737376,-4.8948546245487705,1416.0,10.27923240171367,15.174087026262441,4.8948546245487705,True
8379,Factory_Issue,0.0531171942702757,-0.04688280572972431,-0.1,1405.7207675982863,1405.7207675982863,0.0,1416.0,10.27923240171367,10.27923240171367,0.0,False
8379,Factory_Issue,0.0531171942702757,-0.013549472396390982,-0.06666666666666668,1405.7207675982863,1405.7207675982863,0.0,1416.0,10.27923240171367,10.27923240171367,0.0,False
8379,Factory_Issue,0.0531171942702757,0.019783860936942357,-0.03333333333333334,1405.7207675982863,1405.7207675982863,0.0,1416.0,10.27923240171367,10.27923240171367,0.0,False
8379,Factory_Issue,0.0531171942702757,0.0531171942702757,0.0,1405.7207675982863,1405.7207675982863,0.0,1416.0,10.27923240171367,10.27923240171367,0.0,False
8379,Factory_Issue,0.0531171942702757,0.08645052760360902,0.033333333333333326,1405.7207675982863,1404.130510813693,-1.5902567845932936,1416.0,10.27923240171367,11.869489186306964,1.5902567845932936,True
8379,Factory_Issue,0.0531171942702757,0.11978386093694235,0.06666666666666665,1405.7207675982863,1400.4422078262714,-5.278559772014887,1416.0,10.27923240171367,15.557792173728558,5.278559772014887,True
8379,Factory_Issue,0.0531171942702757,0.1531171942702757,0.1,1405.7207675982863,1400.4422078262714,-5.278559772014887,1416.0,10.27923240171367,15.557792173728558,5.278559772014887,True
8379,Delivery,0.0285683426040935,-0.07143165739590651,-0.1,1405.7207675982863,1399.7446722582104,-5.976095340075972,1416.0,10.27923240171367,16.255327741789642,5.976095340075972,True
8379,Delivery,0.0285683426040935,-0.03809832406257318,-0.06666666666666668,1405.7207675982863,1399.7446722582104,-5.976095340075972,1416.0,10.27923240171367,16.255327741789642,5.976095340075972,True
8379,Delivery,0.0285683426040935,-0.004764990729239839,-0.03333333333333334,1405.7207675982863,1399.7446722582104,-5.976095340075972,1416.0,10.27923240171367,16.255327741789642,5.976095340075972,True
8379,Delivery,0.0285683426040935,0.0285683426040935,0.0,1405.7207675982863,1405.7207675982863,0.0,1416.0,10.27923240171367,10.27923240171367,0.0,False
8379,Delivery,0.0285683426040935,0.06190167593742683,0.033333333333333326,1405.7207675982863,1402.8519950215964,-2.868772576689935,1416.0,10.27923240171367,13.148004978403605,2.868772576689935,True
8379,Delivery,0.0285683426040935,0.09523500927076015,0.06666666666666665,1405.7207675982863,1402.8519950215964,-2.868772576689935,1416.0,10.27923240171367,13.148004978403605,2.868772576689935,True
8379,Delivery,0.0285683426040935,0.1285683426040935,0.1,1405.7207675982863,1402.8519950215964,-2.868772576689935,1416.0,10.27923240171367,13.148004978403605,2.868772576689935,True
8379,Rainfall,0.0,-0.1,-0.1,1405.7207675982863,1405.7207675982863,0.0,1416.0,10.27923240171367,10.27923240171367,0.0,False
8379,Rainfall,0.0,-0.06666666666666668,-0.06666666666666668,1405.7207675982863,1405.7207675982863,0.0,1416.0,10.27923240171367,10.27923240171367,0.0,False
8379,Rainfall,0.0,-0.03333333333333334,-0.03333333333333334,1405.7207675982863,1405.7207675982863,0.0,1416.0,10.27923240171367,10.27923240171367,0.0,False
8379,Rainfall,0.0,0.0,0.0,1405.7207675982863,1405.7207675982863,0.0,1416.0,10.27923240171367,10.27923240171367,0.0,False
8379,Rainfall,0.0,0.033333333333333326,0.033333333333333326,1405.7207675982863,1405.7207675982863,0.0,1416.0,10.27923240171367,10.27923240171367,0.0,False
8379,Rainfall,0.0,0.06666666666666665,0.06666666666666665,1405.7207675982863,1405.7207675982863,0.0,1416.0,10.27923240171367,10.27923240171367,0.0,False
8379,Rainfall,0.0,0.1,0.1,1405.7207675982863,1405.7207675982863,0.0,1416.0,10.27923240171367,10.27923240171367,0.0,False
8379,Sunshine,0.3714285714285714,0.27142857142857135,-0.10000000000000003,1405.7207675982863,1407.4045469746502,1.6837793763638729,1416.0,10.27923240171367,8.595453025349798,-1.6837793763638729,False
8379,Sunshine,0.3714285714285714,0.3047619047619047,-0.06666666666666671,1405.7207675982863,1405.7207675982863,0.0,1416.0,10.27923240171367,10.27923240171367,0.0,False
8379,Sunshine,0.3714285714285714,0.33809523809523806,-0.033333333333333326,1405.7207675982863,1405.7207675982863,0.0,1416.0,10.27923240171367,10.27923240171367,0.0,False
8379,Sunshine,0.3714285714285714,0.3714285714285714,0.0,1405.7207675982863,1405.7207675982863,0.0,1416.0,10.27923240171367,10.27923240171367,0.0,False
8379,Sunshine,0.3714285714285714,0.4047619047619047,0.033333333333333326,1405.7207675982863,1405.7207675982863,0.0,1416.0,10.27923240171367,10.27923240171367,0.0,False
8379,Sunshine,0.3714285714285714,0.43809523809523804,0.06666666666666665,1405.7207675982863,1403.2401346438014,-2.4806329544849177,1416.0,10.27923240171367,12.759865356198588,2.4806329544849177,True
8379,Sunshine,0.3714285714285714,0.4714285714285714,0.10000000000000003,1405.7207675982863,1400.83862434059,-4.882143257696271,1416.0,10.27923240171367,15.161375659409941,4.882143257696271,True
8379,Humidity,0.5238095238095237,0.42380952380952375,-0.09999999999999998,1405.7207675982863,1410.4895998799311,4.768832281644791,1416.0,10.27923240171367,5.51040012006888,-4.768832281644791,False
8379,Humidity,0.5238095238095237,0.4571428571428571,-0.06666666666666665,1405.7207675982863,1410.4895998799311,4.768832281644791,1416.0,10.27923240171367,5.51040012006888,-4.768832281644791,False
8379,Humidity,0.5238095238095237,0.4904761904761904,-0.033333333333333326,1405.7207675982863,1409.7601963424504,4.03942874416407,1416.0,10.27923240171367,6.239803657549601,-4.03942874416407,False
8379,Humidity,0.5238095238095237,0.5238095238095237,0.0,1405.7207675982863,1405.7207675982863,0.0,1416.0,10.27923240171367,10.27923240171367,0.0,False
8379,Humidity,0.5238095238095237,0.557142857142857,0.033333333333333326,1405.7207675982863,1405.6362276360537,-0.08453996223261129,1416.0,10.27923240171367,10.363772363946282,0.08453996223261129,True
8379,Humidity,0.5238095238095237,0.5904761904761904,0.06666666666666665,1405.7207675982863,1403.5063653967231,-2.214402201563189,1416.0,10.27923240171367,12.49363460327686,2.214402201563189,True
8379,Humidity,0.5238095238095237,0.6238095238095237,0.09999999999999998,1405.7207675982863,1403.5063653967231,-2.214402201563189,1416.0,10.27923240171367,12.49363460327686,2.214402201563189,True
8379,Temperature,0.9082125603864734,0.8082125603864734,-0.09999999999999998,1405.7207675982863,1414.687807311727,8.967039713440727,1416.0,10.27923240171367,1.312192688272944,-8.967039713440727,False
8379,Temperature,0.9082125603864734,0.8415458937198067,-0.06666666666666665,1405.7207675982863,1406.9369514833854,1.216183885099099,1416.0,10.27923240171367,9.063048516614572,-1.216183885099099,False
8379,Temperature,0.9082125603864734,0.87487922705314,-0.033333333333333326,1405.7207675982863,1405.7207675982863,0.0,1416.0,10.27923240171367,10.27923240171367,0.0,False
8379,Temperature,0.9082125603864734,0.9082125603864734,0.0,1405.7207675982863,1405.7207675982863,0.0,1416.0,10.27923240171367,10.27923240171367,0.0,False
8379,Temperature,0.9082125603864734,0.9415458937198067,0.033333333333333326,1405.7207675982863,1403.2346158789246,-2.4861517193617146,1416.0,10.27923240171367,12.765384121075385,2.4861517193617146,True
8379,Temperature,0.9082125603864734,0.97487922705314,0.06666666666666665,1405.7207675982863,1403.2346158789246,-2.4861517193617146,1416.0,10.27923240171367,12.765384121075385,2.4861517193617146,True
8379,Temperature,0.9082125603864734,1.0082125603864733,0.09999999999999998,1405.7207675982863,1403.0670917962586,-2.653675802027692,1416.0,10.27923240171367,12.932908203741363,2.653675802027692,True
8379,BDT_USD,0.823439344157709,0.723439344157709,-0.09999999999999998,1405.7207675982863,1405.7207675982863,0.0,1416.0,10.27923240171367,10.27923240171367,0.0,False
8379,BDT_USD,0.823439344157709,0.7567726774910424,-0.06666666666666665,1405.7207675982863,1405.7207675982863,0.0,1416.0,10.27923240171367,10.27923240171367,0.0,False
8379,BDT_USD,0.823439344157709,0.7901060108243757,-0.033333333333333326,1405.7207675982863,1405.7207675982863,0.0,1416.0,10.27923240171367,10.27923240171367,0.0,False
8379,BDT_USD,0.823439344157709,0.823439344157709,0.0,1405.7207675982863,1405.7207675982863,0.0,1416.0,10.27923240171367,10.27923240171367,0.0,False
8379,BDT_USD,0.823439344157709,0.8567726774910424,0.033333333333333326,1405.7207675982863,1405.7207675982863,0.0,1416.0,10.27923240171367,10.27923240171367,0.0,False
8379,BDT_USD,0.823439344157709,0.8901060108243757,0.06666666666666665,1405.7207675982863,1405.7207675982863,0.0,1416.0,10.27923240171367,10.27923240171367,0.0,False
8379,BDT_USD,0.823439344157709,0.923439344157709,0.09999999999999998,1405.7207675982863,1405.7207675982863,0.0,1416.0,10.27923240171367,10.27923240171367,0.0,False
8379,Temperature_x_Humidity_causal,0.4757303887738669,0.3757303887738669,-0.10000000000000003,1405.7207675982863,1405.7207675982863,0.0,1416.0,10.27923240171367,10.27923240171367,0.0,False
8379,Temperature_x_Humidity_causal,0.4757303887738669,0.4090637221072002,-0.06666666666666671,1405.7207675982863,1405.7207675982863,0.0,1416.0,10.27923240171367,10.27923240171367,0.0,False
8379,Temperature_x_Humidity_causal,0.4757303887738669,0.4423970554405336,-0.033333333333333326,1405.7207675982863,1405.7207675982863,0.0,1416.0,10.27923240171367,10.27923240171367,0.0,False
8379,Temperature_x_Humidity_causal,0.4757303887738669,0.4757303887738669,0.0,1405.7207675982863,1405.7207675982863,0.0,1416.0,10.27923240171367,10.27923240171367,0.0,False
8379,Temperature_x_Humidity_causal,0.4757303887738669,0.5090637221072003,0.03333333333333338,1405.7207675982863,1405.5830224732347,-0.13774512505165148,1416.0,10.27923240171367,10.416977526765322,0.13774512505165148,True
8379,Temperature_x_Humidity_causal,0.4757303887738669,0.5423970554405335,0.0666666666666666,1405.7207675982863,1399.1963094897346,-6.524458108551698,1416.0,10.27923240171367,16.80369051026537,6.524458108551698,True
8379,Temperature_x_Humidity_causal,0.4757303887738669,0.575730388773867,0.10000000000000003,1405.7207675982863,1398.0411049621875,-7.679662636098783,1416.0,10.27923240171367,17.958895037812454,7.679662636098783,True
8379,Humidity_x_Sunshine_causal,0.19455782312925166,0.09455782312925165,-0.1,1405.7207675982863,1411.629086472999,5.908318874712677,1416.0,10.27923240171367,4.370913527000994,-5.908318874712677,False
8379,Humidity_x_Sunshine_causal,0.19455782312925166,0.12789115646258498,-0.06666666666666668,1405.7207675982863,1406.3296923080661,0.6089247097797852,1416.0,10.27923240171367,9.670307691933886,-0.6089247097797852,False
8379,Humidity_x_Sunshine_causal,0.19455782312925166,0.1612244897959183,-0.033333333333333354,1405.7207675982863,1406.0281672940737,0.30739969578735327,1416.0,10.27923240171367,9.971832705926317,-0.30739969578735327,False
8379,Humidity_x_Sunshine_causal,0.19455782312925166,0.19455782312925166,0.0,1405.7207675982863,1405.7207675982863,0.0,1416.0,10.27923240171367,10.27923240171367,0.0,False
8379,Humidity_x_Sunshine_causal,0.19455782312925166,0.22789115646258498,0.033333333333333326,1405.7207675982863,1401.7672340772474,-3.953533521038935,1416.0,10.27923240171367,14.232765922752606,3.953533521038935,True
8379,Humidity_x_Sunshine_causal,0.19455782312925166,0.2612244897959183,0.06666666666666662,1405.7207675982863,1391.20841099961,-14.512356598676433,1416.0,10.27923240171367,24.791589000390104,14.512356598676433,True
8379,Humidity_x_Sunshine_causal,0.19455782312925166,0.29455782312925166,0.1,1405.7207675982863,1389.6093076857053,-16.11145991258104,1416.0,10.27923240171367,26.39069231429471,16.11145991258104,True
8379,Temperature_x_Sunshine_causal,0.3373360938578329,0.2373360938578329,-0.1,1405.7207675982863,1405.7207675982863,0.0,1416.0,10.27923240171367,10.27923240171367,0.0,False
8379,Temperature_x_Sunshine_causal,0.3373360938578329,0.27066942719116627,-0.06666666666666665,1405.7207675982863,1405.7207675982863,0.0,1416.0,10.27923240171367,10.27923240171367,0.0,False
8379,Temperature_x_Sunshine_causal,0.3373360938578329,0.3040027605244996,-0.033333333333333326,1405.7207675982863,1405.7207675982863,0.0,1416.0,10.27923240171367,10.27923240171367,0.0,False
8379,Temperature_x_Sunshine_causal,0.3373360938578329,0.3373360938578329,0.0,1405.7207675982863,1405.7207675982863,0.0,1416.0,10.27923240171367,10.27923240171367,0.0,False
8379,Temperature_x_Sunshine_causal,0.3373360938578329,0.37066942719116625,0.033333333333333326,1405.7207675982863,1402.982486678919,-2.7382809193672983,1416.0,10.27923240171367,13.017513321080969,2.7382809193672983,True
8379,Temperature_x_Sunshine_causal,0.3373360938578329,0.40400276052449957,0.06666666666666665,1405.7207675982863,1402.982486678919,-2.7382809193672983,1416.0,10.27923240171367,13.017513321080969,2.7382809193672983,True
8379,Temperature_x_Sunshine_causal,0.3373360938578329,0.4373360938578329,0.09999999999999998,1405.7207675982863,1402.982486678919,-2.7382809193672983,1416.0,10.27923240171367,13.017513321080969,2.7382809193672983,True
8379,Factory_Issue_x_Delivery_causal,0.0015174702040814283,-0.09848252979591858,-0.1,1405.7207675982863,1405.7207675982863,0.0,1416.0,10.27923240171367,10.27923240171367,0.0,False
8379,Factory_Issue_x_Delivery_causal,0.0015174702040814283,-0.06514919646258525,-0.06666666666666668,1405.7207675982863,1405.7207675982863,0.0,1416.0,10.27923240171367,10.27923240171367,0.0,False
8379,Factory_Issue_x_Delivery_causal,0.0015174702040814283,-0.031815863129251915,-0.03333333333333334,1405.7207675982863,1405.7207675982863,0.0,1416.0,10.27923240171367,10.27923240171367,0.0,False
8379,Factory_Issue_x_Delivery_causal,0.0015174702040814283,0.0015174702040814283,0.0,1405.7207675982863,1405.7207675982863,0.0,1416.0,10.27923240171367,10.27923240171367,0.0,False
8379,Factory_Issue_x_Delivery_causal,0.0015174702040814283,0.03485080353741475,0.033333333333333326,1405.7207675982863,1459.8135470837665,54.09277948548015,1416.0,10.27923240171367,43.81354708376648,33.53431468205281,True
8379,Factory_Issue_x_Delivery_causal,0.0015174702040814283,0.06818413687074808,0.06666666666666665,1405.7207675982863,1457.6472663813618,51.92649878307543,1416.0,10.27923240171367,41.64726638136176,31.36803397964809,True
8379,Factory_Issue_x_Delivery_causal,0.0015174702040814283,0.10151747020408143,0.1,1405.7207675982863,1457.6549025775437,51.93413497925735,1416.0,10.27923240171367,41.65490257754368,31.37567017583001,True
8379,Factory_Issue_x_Production_causal,0.0028165435214102382,-0.09718345647858977,-0.1,1405.7207675982863,1414.0997407450977,8.378973146811404,1416.0,10.27923240171367,1.9002592549022665,-8.378973146811404,False
8379,Factory_Issue_x_Production_causal,0.0028165435214102382,-0.06385012314525644,-0.06666666666666668,1405.7207675982863,1414.0997407450977,8.378973146811404,1416.0,10.27923240171367,1.9002592549022665,-8.378973146811404,False
8379,Factory_Issue_x_Production_causal,0.0028165435214102382,-0.0305167898119231,-0.03333333333333334,1405.7207675982863,1414.0997407450977,8.378973146811404,1416.0,10.27923240171367,1.9002592549022665,-8.378973146811404,False
8379,Factory_Issue_x_Production_causal,0.0028165435214102382,0.0028165435214102382,0.0,1405.7207675982863,1405.7207675982863,0.0,1416.0,10.27923240171367,10.27923240171367,0.0,False
8379,Factory_Issue_x_Production_causal,0.0028165435214102382,0.036149876854743565,0.033333333333333326,1405.7207675982863,1402.6120999097143,-3.108667688572041,1416.0,10.27923240171367,13.387900090285711,3.108667688572041,True
8379,Factory_Issue_x_Production_causal,0.0028165435214102382,0.06948321018807689,0.06666666666666665,1405.7207675982863,1399.4229087958302,-6.297858802456176,1416.0,10.27923240171367,16.577091204169847,6.297858802456176,True
8379,Factory_Issue_x_Production_causal,0.0028165435214102382,0.10281654352141024,0.1,1405.7207675982863,1395.9355234288182,-9.785244169468115,1416.0,10.27923240171367,20.064476571181785,9.785244169468115,True
8379,Delivery_x_Production_causal,0.0015148386767110395,-0.09848516132328897,-0.1,1405.7207675982863,1416.9222177018432,11.201450103556908,1416.0,10.27923240171367,0.9222177018432376,-9.357014699870433,False
8379,Delivery_x_Production_causal,0.0015148386767110395,-0.06515182798995564,-0.06666666666666668,1405.7207675982863,1416.9222177018432,11.201450103556908,1416.0,10.27923240171367,0.9222177018432376,-9.357014699870433,False
8379,Delivery_x_Production_causal,0.0015148386767110395,-0.0318184946566223,-0.03333333333333334,1405.7207675982863,1416.9222177018432,11.201450103556908,1416.0,10.27923240171367,0.9222177018432376,-9.357014699870433,False
8379,Delivery_x_Production_causal,0.0015148386767110395,0.0015148386767110395,0.0,1405.7207675982863,1405.7207675982863,0.0,1416.0,10.27923240171367,10.27923240171367,0.0,False
8379,Delivery_x_Production_causal,0.0015148386767110395,0.034848172010044365,0.033333333333333326,1405.7207675982863,1392.3218195692766,-13.398948029009716,1416.0,10.27923240171367,23.678180430723387,13.398948029009716,True
8379,Delivery_x_Production_causal,0.0015148386767110395,0.06818150534337769,0.06666666666666665,1405.7207675982863,1391.7277233813725,-13.993044216913859,1416.0,10.27923240171367,24.27227661862753,13.993044216913859,True
8379,Delivery_x_Production_causal,0.0015148386767110395,0.10151483867671104,0.1,1405.7207675982863,1391.7277233813725,-13.993044216913859,1416.0,10.27923240171367,24.27227661862753,13.993044216913859,True
8379,Rainfall_x_Sunshine_causal,0.0,-0.1,-0.1,1405.7207675982863,1405.7207675982863,0.0,1416.0,10.27923240171367,10.27923240171367,0.0,False
8379,Rainfall_x_Sunshine_causal,0.0,-0.06666666666666668,-0.06666666666666668,1405.7207675982863,1405.7207675982863,0.0,1416.0,10.27923240171367,10.27923240171367,0.0,False
8379,Rainfall_x_Sunshine_causal,0.0,-0.03333333333333334,-0.03333333333333334,1405.7207675982863,1405.7207675982863,0.0,1416.0,10.27923240171367,10.27923240171367,0.0,False
8379,Rainfall_x_Sunshine_causal,0.0,0.0,0.0,1405.7207675982863,1405.7207675982863,0.0,1416.0,10.27923240171367,10.27923240171367,0.0,False
8379,Rainfall_x_Sunshine_causal,0.0,0.033333333333333326,0.033333333333333326,1405.7207675982863,1405.7207675982863,0.0,1416.0,10.27923240171367,10.27923240171367,0.0,False
8379,Rainfall_x_Sunshine_causal,0.0,0.06666666666666665,0.06666666666666665,1405.7207675982863,1405.7207675982863,0.0,1416.0,10.27923240171367,10.27923240171367,0.0,False
8379,Rainfall_x_Sunshine_causal,0.0,0.1,0.1,1405.7207675982863,1405.7207675982863,0.0,1416.0,10.27923240171367,10.27923240171367,0.0,False
8379,Rainfall_x_BDT_USD_causal,0.0,-0.1,-0.1,1405.7207675982863,1405.7207675982863,0.0,1416.0,10.27923240171367,10.27923240171367,0.0,False
8379,Rainfall_x_BDT_USD_causal,0.0,-0.06666666666666668,-0.06666666666666668,1405.7207675982863,1405.7207675982863,0.0,1416.0,10.27923240171367,10.27923240171367,0.0,False
8379,Rainfall_x_BDT_USD_causal,0.0,-0.03333333333333334,-0.03333333333333334,1405.7207675982863,1405.7207675982863,0.0,1416.0,10.27923240171367,10.27923240171367,0.0,False
8379,Rainfall_x_BDT_USD_causal,0.0,0.0,0.0,1405.7207675982863,1405.7207675982863,0.0,1416.0,10.27923240171367,10.27923240171367,0.0,False
8379,Rainfall_x_BDT_USD_causal,0.0,0.033333333333333326,0.033333333333333326,1405.7207675982863,1395.820430126163,-9.900337472123283,1416.0,10.27923240171367,20.179569873836954,9.900337472123283,True
8379,Rainfall_x_BDT_USD_causal,0.0,0.06666666666666665,0.06666666666666665,1405.7207675982863,1395.820430126163,-9.900337472123283,1416.0,10.27923240171367,20.179569873836954,9.900337472123283,True
8379,Rainfall_x_BDT_USD_causal,0.0,0.1,0.1,1405.7207675982863,1395.820430126163,-9.900337472123283,1416.0,10.27923240171367,20.179569873836954,9.900337472123283,True
8379,Delivery_weighted_to_Sales_lag1,-56.258838209863406,-56.35883820986341,-0.10000000000000142,1405.7207675982863,1405.7207675982863,0.0,1416.0,10.27923240171367,10.27923240171367,0.0,False
8379,Delivery_weighted_to_Sales_lag1,-56.258838209863406,-56.325504876530076,-0.06666666666666998,1405.7207675982863,1405.7207675982863,0.0,1416.0,10.27923240171367,10.27923240171367,0.0,False
8379,Delivery_weighted_to_Sales_lag1,-56.258838209863406,-56.29217154319674,-0.03333333333333144,1405.7207675982863,1405.7207675982863,0.0,1416.0,10.27923240171367,10.27923240171367,0.0,False
8379,Delivery_weighted_to_Sales_lag1,-56.258838209863406,-56.258838209863406,0.0,1405.7207675982863,1405.7207675982863,0.0,1416.0,10.27923240171367,10.27923240171367,0.0,False
8379,Delivery_weighted_to_Sales_lag1,-56.258838209863406,-56.225504876530074,0.03333333333333144,1405.7207675982863,1405.7207675982863,0.0,1416.0,10.27923240171367,10.27923240171367,0.0,False
8379,Delivery_weighted_to_Sales_lag1,-56.258838209863406,-56.192171543196736,0.06666666666666998,1405.7207675982863,1405.7207675982863,0.0,1416.0,10.27923240171367,10.27923240171367,0.0,False
8379,Delivery_weighted_to_Sales_lag1,-56.258838209863406,-56.158838209863404,0.10000000000000142,1405.7207675982863,1405.7207675982863,0.0,1416.0,10.27923240171367,10.27923240171367,0.0,False
8379,Rainfall_weighted_to_Sales_lag1,-0.0,-0.1,-0.1,1405.7207675982863,1405.7207675982863,0.0,1416.0,10.27923240171367,10.27923240171367,0.0,False
8379,Rainfall_weighted_to_Sales_lag1,-0.0,-0.06666666666666668,-0.06666666666666668,1405.7207675982863,1405.7207675982863,0.0,1416.0,10.27923240171367,10.27923240171367,0.0,False
8379,Rainfall_weighted_to_Sales_lag1,-0.0,-0.03333333333333334,-0.03333333333333334,1405.7207675982863,1405.7207675982863,0.0,1416.0,10.27923240171367,10.27923240171367,0.0,False
8379,Rainfall_weighted_to_Sales_lag1,-0.0,0.0,0.0,1405.7207675982863,1405.7207675982863,0.0,1416.0,10.27923240171367,10.27923240171367,0.0,False
8379,Rainfall_weighted_to_Sales_lag1,-0.0,0.033333333333333326,0.033333333333333326,1405.7207675982863,1405.7207675982863,0.0,1416.0,10.27923240171367,10.27923240171367,0.0,False
8379,Rainfall_weighted_to_Sales_lag1,-0.0,0.06666666666666665,0.06666666666666665,1405.7207675982863,1405.7207675982863,0.0,1416.0,10.27923240171367,10.27923240171367,0.0,False
8379,Rainfall_weighted_to_Sales_lag1,-0.0,0.1,0.1,1405.7207675982863,1405.7207675982863,0.0,1416.0,10.27923240171367,10.27923240171367,0.0,False
8379,Humidity_weighted_to_Sales_lag1,467.0555505733494,466.9555505733494,-0.10000000000002274,1405.7207675982863,1405.7207675982863,0.0,1416.0,10.27923240171367,10.27923240171367,0.0,False
8379,Humidity_weighted_to_Sales_lag1,467.0555505733494,466.98888390668276,-0.06666666666666288,1405.7207675982863,1405.7207675982863,0.0,1416.0,10.27923240171367,10.27923240171367,0.0,False
8379,Humidity_weighted_to_Sales_lag1,467.0555505733494,467.02221724001606,-0.03333333333335986,1405.7207675982863,1405.7207675982863,0.0,1416.0,10.27923240171367,10.27923240171367,0.0,False
8379,Humidity_weighted_to_Sales_lag1,467.0555505733494,467.0555505733494,0.0,1405.7207675982863,1405.7207675982863,0.0,1416.0,10.27923240171367,10.27923240171367,0.0,False
8379,Humidity_weighted_to_Sales_lag1,467.0555505733494,467.0888839066828,0.03333333333335986,1405.7207675982863,1405.7207675982863,0.0,1416.0,10.27923240171367,10.27923240171367,0.0,False
8379,Humidity_weighted_to_Sales_lag1,467.0555505733494,467.1222172400161,0.06666666666666288,1405.7207675982863,1405.7207675982863,0.0,1416.0,10.27923240171367,10.27923240171367,0.0,False
8379,Humidity_weighted_to_Sales_lag1,467.0555505733494,467.15555057334944,0.10000000000002274,1405.7207675982863,1405.7207675982863,0.0,1416.0,10.27923240171367,10.27923240171367,0.0,False
8379,Sunshine_weighted_to_Sales_lag1,216.21455070301218,216.11455070301218,-0.09999999999999432,1405.7207675982863,1405.7207675982863,0.0,1416.0,10.27923240171367,10.27923240171367,0.0,False
8379,Sunshine_weighted_to_Sales_lag1,216.21455070301218,216.14788403634552,-0.06666666666666288,1405.7207675982863,1405.7207675982863,0.0,1416.0,10.27923240171367,10.27923240171367,0.0,False
8379,Sunshine_weighted_to_Sales_lag1,216.21455070301218,216.18121736967885,-0.03333333333333144,1405.7207675982863,1405.7207675982863,0.0,1416.0,10.27923240171367,10.27923240171367,0.0,False
8379,Sunshine_weighted_to_Sales_lag1,216.21455070301218,216.21455070301218,0.0,1405.7207675982863,1405.7207675982863,0.0,1416.0,10.27923240171367,10.27923240171367,0.0,False
8379,Sunshine_weighted_to_Sales_lag1,216.21455070301218,216.2478840363455,0.03333333333333144,1405.7207675982863,1405.7207675982863,0.0,1416.0,10.27923240171367,10.27923240171367,0.0,False
8379,Sunshine_weighted_to_Sales_lag1,216.21455070301218,216.28121736967884,0.06666666666666288,1405.7207675982863,1405.7207675982863,0.0,1416.0,10.27923240171367,10.27923240171367,0.0,False
8379,Sunshine_weighted_to_Sales_lag1,216.21455070301218,216.31455070301217,0.09999999999999432,1405.7207675982863,1405.7207675982863,0.0,1416.0,10.27923240171367,10.27923240171367,0.0,False
8379,BDT_USD_weighted_to_Sales_lag1,-355.6702249738125,-355.7702249738125,-0.10000000000002274,1405.7207675982863,1405.7207675982863,0.0,1416.0,10.27923240171367,10.27923240171367,0.0,False
8379,BDT_USD_weighted_to_Sales_lag1,-355.6702249738125,-355.73689164047914,-0.06666666666666288,1405.7207675982863,1405.7207675982863,0.0,1416.0,10.27923240171367,10.27923240171367,0.0,False
8379,BDT_USD_weighted_to_Sales_lag1,-355.6702249738125,-355.70355830714584,-0.03333333333335986,1405.7207675982863,1405.7207675982863,0.0,1416.0,10.27923240171367,10.27923240171367,0.0,False
8379,BDT_USD_weighted_to_Sales_lag1,-355.6702249738125,-355.6702249738125,0.0,1405.7207675982863,1405.7207675982863,0.0,1416.0,10.27923240171367,10.27923240171367,0.0,False
8379,BDT_USD_weighted_to_Sales_lag1,-355.6702249738125,-355.6368916404791,0.03333333333335986,1405.7207675982863,1405.7207675982863,0.0,1416.0,10.27923240171367,10.27923240171367,0.0,False
8379,BDT_USD_weighted_to_Sales_lag1,-355.6702249738125,-355.6035583071458,0.06666666666666288,1405.7207675982863,1405.7207675982863,0.0,1416.0,10.27923240171367,10.27923240171367,0.0,False
8379,BDT_USD_weighted_to_Sales_lag1,-355.6702249738125,-355.57022497381246,0.10000000000002274,1405.7207675982863,1405.7207675982863,0.0,1416.0,10.27923240171367,10.27923240171367,0.0,False
8379,Temperature_weighted_to_Sales_lag1,351.91144018825173,351.8114401882517,-0.10000000000002274,1405.7207675982863,1405.7207675982863,0.0,1416.0,10.27923240171367,10.27923240171367,0.0,False
8379,Temperature_weighted_to_Sales_lag1,351.91144018825173,351.84477352158507,-0.06666666666666288,1405.7207675982863,1405.7207675982863,0.0,1416.0,10.27923240171367,10.27923240171367,0.0,False
8379,Temperature_weighted_to_Sales_lag1,351.91144018825173,351.87810685491837,-0.03333333333335986,1405.7207675982863,1405.7207675982863,0.0,1416.0,10.27923240171367,10.27923240171367,0.0,False
8379,Temperature_weighted_to_Sales_lag1,351.91144018825173,351.91144018825173,0.0,1405.7207675982863,1405.7207675982863,0.0,1416.0,10.27923240171367,10.27923240171367,0.0,False
8379,Temperature_weighted_to_Sales_lag1,351.91144018825173,351.9447735215851,0.03333333333335986,1405.7207675982863,1405.7207675982863,0.0,1416.0,10.27923240171367,10.27923240171367,0.0,False
8379,Temperature_weighted_to_Sales_lag1,351.91144018825173,351.9781068549184,0.06666666666666288,1405.7207675982863,1405.7207675982863,0.0,1416.0,10.27923240171367,10.27923240171367,0.0,False
8379,Temperature_weighted_to_Sales_lag1,351.91144018825173,352.01144018825175,0.10000000000002274,1405.7207675982863,1405.7207675982863,0.0,1416.0,10.27923240171367,10.27923240171367,0.0,False
8379,Production_weighted_to_Sales_lag1,2.6430796393174267,2.5430796393174266,-0.10000000000000009,1405.7207675982863,1405.7207675982863,0.0,1416.0,10.27923240171367,10.27923240171367,0.0,False
8379,Production_weighted_to_Sales_lag1,2.6430796393174267,2.57641297265076,-0.06666666666666687,1405.7207675982863,1405.7207675982863,0.0,1416.0,10.27923240171367,10.27923240171367,0.0,False
8379,Production_weighted_to_Sales_lag1,2.6430796393174267,2.6097463059840935,-0.033333333333333215,1405.7207675982863,1405.7207675982863,0.0,1416.0,10.27923240171367,10.27923240171367,0.0,False
8379,Production_weighted_to_Sales_lag1,2.6430796393174267,2.6430796393174267,0.0,1405.7207675982863,1405.7207675982863,0.0,1416.0,10.27923240171367,10.27923240171367,0.0,False
8379,Production_weighted_to_Sales_lag1,2.6430796393174267,2.67641297265076,0.033333333333333215,1405.7207675982863,1404.9704019778158,-0.7503656204705749,1416.0,10.27923240171367,11.029598022184246,0.7503656204705749,True
8379,Production_weighted_to_Sales_lag1,2.6430796393174267,2.709746305984093,0.06666666666666643,1405.7207675982863,1404.9704019778158,-0.7503656204705749,1416.0,10.27923240171367,11.029598022184246,0.7503656204705749,True
8379,Production_weighted_to_Sales_lag1,2.6430796393174267,2.743079639317427,0.10000000000000009,1405.7207675982863,1404.9704019778158,-0.7503656204705749,1416.0,10.27923240171367,11.029598022184246,0.7503656204705749,True
8379,Factory_Issue_weighted_to_Sales_lag1,0.18115313750355722,0.08115313750355721,-0.1,1405.7207675982863,1407.5570176802207,1.836250081934395,1416.0,10.27923240171367,8.442982319779276,-1.836250081934395,False
8379,Factory_Issue_weighted_to_Sales_lag1,0.18115313750355722,0.11448647083689054,-0.06666666666666668,1405.7207675982863,1407.5570176802207,1.836250081934395,1416.0,10.27923240171367,8.442982319779276,-1.836250081934395,False
8379,Factory_Issue_weighted_to_Sales_lag1,0.18115313750355722,0.1478198041702239,-0.033333333333333326,1405.7207675982863,1407.5570176802207,1.836250081934395,1416.0,10.27923240171367,8.442982319779276,-1.836250081934395,False
8379,Factory_Issue_weighted_to_Sales_lag1,0.18115313750355722,0.18115313750355722,0.0,1405.7207675982863,1405.7207675982863,0.0,1416.0,10.27923240171367,10.27923240171367,0.0,False
8379,Factory_Issue_weighted_to_Sales_lag1,0.18115313750355722,0.21448647083689054,0.033333333333333326,1405.7207675982863,1405.570219144126,-0.15054845416034368,1416.0,10.27923240171367,10.429780855874014,0.15054845416034368,True
8379,Factory_Issue_weighted_to_Sales_lag1,0.18115313750355722,0.24781980417022387,0.06666666666666665,1405.7207675982863,1404.838422197421,-0.8823454008652334,1416.0,10.27923240171367,11.161577802578904,0.8823454008652334,True
8379,Factory_Issue_weighted_to_Sales_lag1,0.18115313750355722,0.2811531375035572,0.09999999999999998,1405.7207675982863,1404.7413166750412,-0.9794509232451674,1416.0,10.27923240171367,11.258683324958838,0.9794509232451674,True
8379,Temperature_weighted_to_Humidity_lag0,-0.9124798039019891,-1.012479803901989,-0.09999999999999998,1405.7207675982863,1406.0100868490804,0.2893192507940512,1416.0,10.27923240171367,9.98991315091962,-0.2893192507940512,False
8379,Temperature_weighted_to_Humidity_lag0,-0.9124798039019891,-0.9791464705686558,-0.06666666666666665,1405.7207675982863,1405.8764405272668,0.15567292898049345,1416.0,10.27923240171367,10.123559472733177,-0.15567292898049345,False
8379,Temperature_weighted_to_Humidity_lag0,-0.9124798039019891,-0.9458131372353225,-0.033333333333333326,1405.7207675982863,1405.8764405272668,0.15567292898049345,1416.0,10.27923240171367,10.123559472733177,-0.15567292898049345,False
8379,Temperature_weighted_to_Humidity_lag0,-0.9124798039019891,-0.9124798039019891,0.0,1405.7207675982863,1405.7207675982863,0.0,1416.0,10.27923240171367,10.27923240171367,0.0,False
8379,Temperature_weighted_to_Humidity_lag0,-0.9124798039019891,-0.8791464705686558,0.033333333333333326,1405.7207675982863,1415.633833025882,9.913065427595711,1416.0,10.27923240171367,0.3661669741179594,-9.913065427595711,False
8379,Temperature_weighted_to_Humidity_lag0,-0.9124798039019891,-0.8458131372353225,0.06666666666666665,1405.7207675982863,1416.0728742676754,10.352106669389059,1416.0,10.27923240171367,0.07287426767538818,-10.206358134038283,False
8379,Temperature_weighted_to_Humidity_lag0,-0.9124798039019891,-0.8124798039019892,0.09999999999999998,1405.7207675982863,1417.2541794249646,11.533411826678275,1416.0,10.27923240171367,1.2541794249646046,-9.025052976749066,False
8379,Temperature_weighted_to_Humidity_lag1,0.9117500373163306,0.8117500373163307,-0.09999999999999998,1405.7207675982863,1415.9631077089275,10.24234011064118,1416.0,10.27923240171367,0.03689229107249048,-10.24234011064118,False
8379,Temperature_weighted_to_Humidity_lag1,0.9117500373163306,0.845083370649664,-0.06666666666666665,1405.7207675982863,1408.8406805447808,3.1199129464944235,1416.0,10.27923240171367,7.159319455219247,-3.1199129464944235,False
8379,Temperature_weighted_to_Humidity_lag1,0.9117500373163306,0.8784167039829973,-0.033333333333333326,1405.7207675982863,1405.7207675982863,0.0,1416.0,10.27923240171367,10.27923240171367,0.0,False
8379,Temperature_weighted_to_Humidity_lag1,0.9117500373163306,0.9117500373163306,0.0,1405.7207675982863,1405.7207675982863,0.0,1416.0,10.27923240171367,10.27923240171367,0.0,False
8379,Temperature_weighted_to_Humidity_lag1,0.9117500373163306,0.945083370649664,0.033333333333333326,1405.7207675982863,1405.7207675982863,0.0,1416.0,10.27923240171367,10.27923240171367,0.0,False
8379,Temperature_weighted_to_Humidity_lag1,0.9117500373163306,0.9784167039829973,0.06666666666666665,1405.7207675982863,1405.7207675982863,0.0,1416.0,10.27923240171367,10.27923240171367,0.0,False
8379,Temperature_weighted_to_Humidity_lag1,0.9117500373163306,1.0117500373163306,0.09999999999999998,1405.7207675982863,1404.5430533490653,-1.177714249221026,1416.0,10.27923240171367,11.456946650934697,1.177714249221026,True
8379,Humidity_weighted_to_Sunshine_lag0,-0.4793733797204675,-0.5793733797204675,-0.10000000000000003,1405.7207675982863,1392.1061720825355,-13.614595515750807,1416.0,10.27923240171367,23.893827917464478,13.614595515750807,True
8379,Humidity_weighted_to_Sunshine_lag0,-0.4793733797204675,-0.5460400463871342,-0.06666666666666671,1405.7207675982863,1392.1689967917653,-13.551770806521063,1416.0,10.27923240171367,23.831003208234733,13.551770806521063,True
8379,Humidity_weighted_to_Sunshine_lag0,-0.4793733797204675,-0.5127067130538009,-0.03333333333333338,1405.7207675982863,1392.1689967917653,-13.551770806521063,1416.0,10.27923240171367,23.831003208234733,13.551770806521063,True
8379,Humidity_weighted_to_Sunshine_lag0,-0.4793733797204675,-0.4793733797204675,0.0,1405.7207675982863,1405.7207675982863,0.0,1416.0,10.27923240171367,10.27923240171367,0.0,False
8379,Humidity_weighted_to_Sunshine_lag0,-0.4793733797204675,-0.4460400463871342,0.033333333333333326,1405.7207675982863,1406.8688011825213,1.1480335842350087,1416.0,10.27923240171367,9.131198817478662,-1.1480335842350087,False
8379,Humidity_weighted_to_Sunshine_lag0,-0.4793733797204675,-0.41270671305380086,0.06666666666666665,1405.7207675982863,1420.1070001439966,14.3862325457103,1416.0,10.27923240171367,4.107000143996629,-6.172232257717042,False
8379,Humidity_weighted_to_Sunshine_lag0,-0.4793733797204675,-0.3793733797204675,0.10000000000000003,1405.7207675982863,1420.1070001439966,14.3862325457103,1416.0,10.27923240171367,4.107000143996629,-6.172232257717042,False
8379,Humidity_weighted_to_Sunshine_lag1,0.47927896074266524,0.3792789607426652,-0.10000000000000003,1405.7207675982863,1439.8187178402645,34.0979502419782,1416.0,10.27923240171367,23.818717840264526,13.539485438550855,True
8379,Humidity_weighted_to_Sunshine_lag1,0.47927896074266524,0.41261229407599853,-0.06666666666666671,1405.7207675982863,1439.7555321803347,34.03476458204841,1416.0,10.27923240171367,23.75553218033474,13.476299778621069,True
8379,Humidity_weighted_to_Sunshine_lag1,0.47927896074266524,0.4459456274093319,-0.033333333333333326,1405.7207675982863,1410.256159114864,4.535391516577647,1416.0,10.27923240171367,5.743840885136024,-4.535391516577647,False
8379,Humidity_weighted_to_Sunshine_lag1,0.47927896074266524,0.47927896074266524,0.0,1405.7207675982863,1405.7207675982863,0.0,1416.0,10.27923240171367,10.27923240171367,0.0,False
8379,Humidity_weighted_to_Sunshine_lag1,0.47927896074266524,0.5126122940759985,0.03333333333333327,1405.7207675982863,1401.800781082407,-3.9199865158793727,1416.0,10.27923240171367,14.199218917593043,3.9199865158793727,True
8379,Humidity_weighted_to_Sunshine_lag1,0.47927896074266524,0.545945627409332,0.06666666666666671,1405.7207675982863,1393.4445672861107,-12.27620031217566,1416.0,10.27923240171367,22.55543271388933,12.27620031217566,True
8379,Humidity_weighted_to_Sunshine_lag1,0.47927896074266524,0.5792789607426653,0.10000000000000003,1405.7207675982863,1393.9059584186487,-11.814809179637678,1416.0,10.27923240171367,22.094041581351348,11.814809179637678,True
8379,Temperature_weighted_to_Sunshine_lag0,0.7348022014291014,0.6348022014291014,-0.09999999999999998,1405.7207675982863,1410.6727732991324,4.95200570084603,1416.0,10.27923240171367,5.327226700867641,-4.95200570084603,False
8379,Temperature_weighted_to_Sunshine_lag0,0.7348022014291014,0.6681355347624347,-0.06666666666666665,1405.7207675982863,1409.2299663095296,3.5091987112432435,1416.0,10.27923240171367,6.770033690470427,-3.5091987112432435,False
8379,Temperature_weighted_to_Sunshine_lag0,0.7348022014291014,0.701468868095768,-0.033333333333333326,1405.7207675982863,1405.7207675982863,0.0,1416.0,10.27923240171367,10.27923240171367,0.0,False
8379,Temperature_weighted_to_Sunshine_lag0,0.7348022014291014,0.7348022014291014,0.0,1405.7207675982863,1405.7207675982863,0.0,1416.0,10.27923240171367,10.27923240171367,0.0,False
8379,Temperature_weighted_to_Sunshine_lag0,0.7348022014291014,0.7681355347624347,0.033333333333333326,1405.7207675982863,1403.6943842603987,-2.026383337887637,1416.0,10.27923240171367,12.305615739601308,2.026383337887637,True
8379,Temperature_weighted_to_Sunshine_lag0,0.7348022014291014,0.801468868095768,0.06666666666666665,1405.7207675982863,1403.6943842603987,-2.026383337887637,1416.0,10.27923240171367,12.305615739601308,2.026383337887637,True
8379,Temperature_weighted_to_Sunshine_lag0,0.7348022014291014,0.8348022014291013,0.09999999999999998,1405.7207675982863,1403.747998784222,-1.9727688140642385,1416.0,10.27923240171367,12.25200121577791,1.9727688140642385,True
8379,Temperature_weighted_to_Sunshine_lag1,-0.7272666315935952,-0.8272666315935951,-0.09999999999999998,1405.7207675982863,1404.5169359236274,-1.2038316746588862,1416.0,10.27923240171367,11.483064076372557,1.2038316746588862,True
8379,Temperature_weighted_to_Sunshine_lag1,-0.7272666315935952,-0.7939332982602618,-0.06666666666666665,1405.7207675982863,1405.7207675982863,0.0,1416.0,10.27923240171367,10.27923240171367,0.0,False
8379,Temperature_weighted_to_Sunshine_lag1,-0.7272666315935952,-0.7605999649269285,-0.033333333333333326,1405.7207675982863,1405.7207675982863,0.0,1416.0,10.27923240171367,10.27923240171367,0.0,False
8379,Temperature_weighted_to_Sunshine_lag1,-0.7272666315935952,-0.7272666315935952,0.0,1405.7207675982863,1405.7207675982863,0.0,1416.0,10.27923240171367,10.27923240171367,0.0,False
8379,Temperature_weighted_to_Sunshine_lag1,-0.7272666315935952,-0.6939332982602618,0.033333333333333326,1405.7207675982863,1405.7207675982863,0.0,1416.0,10.27923240171367,10.27923240171367,0.0,False
8379,Temperature_weighted_to_Sunshine_lag1,-0.7272666315935952,-0.6605999649269285,0.06666666666666665,1405.7207675982863,1405.7207675982863,0.0,1416.0,10.27923240171367,10.27923240171367,0.0,False
8379,Temperature_weighted_to_Sunshine_lag1,-0.7272666315935952,-0.6272666315935952,0.09999999999999998,1405.7207675982863,1405.752694962354,0.031927364067769304,1416.0,10.27923240171367,10.247305037645901,-0.031927364067769304,False
8379,Factory_Issue_weighted_to_Delivery_lag0,0.03977947116822379,-0.06022052883177621,-0.1,1405.7207675982863,1406.4194679414268,0.6987003431404446,1416.0,10.27923240171367,9.580532058573226,-0.6987003431404446,False
8379,Factory_Issue_weighted_to_Delivery_lag0,0.03977947116822379,-0.026887195498442887,-0.06666666666666668,1405.7207675982863,1406.4194679414268,0.6987003431404446,1416.0,10.27923240171367,9.580532058573226,-0.6987003431404446,False
8379,Factory_Issue_weighted_to_Delivery_lag0,0.03977947116822379,0.006446137834890453,-0.03333333333333334,1405.7207675982863,1406.4194679414268,0.6987003431404446,1416.0,10.27923240171367,9.580532058573226,-0.6987003431404446,False
8379,Factory_Issue_weighted_to_Delivery_lag0,0.03977947116822379,0.03977947116822379,0.0,1405.7207675982863,1405.7207675982863,0.0,1416.0,10.27923240171367,10.27923240171367,0.0,False
8379,Factory_Issue_weighted_to_Delivery_lag0,0.03977947116822379,0.07311280450155712,0.033333333333333326,1405.7207675982863,1404.0784286630608,-1.6423389352255526,1416.0,10.27923240171367,11.921571336939223,1.6423389352255526,True
8379,Factory_Issue_weighted_to_Delivery_lag0,0.03977947116822379,0.10644613783489044,0.06666666666666665,1405.7207675982863,1403.6900212268347,-2.0307463714516416,1416.0,10.27923240171367,12.309978773165312,2.0307463714516416,True
8379,Factory_Issue_weighted_to_Delivery_lag0,0.03977947116822379,0.1397794711682238,0.10000000000000002,1405.7207675982863,1410.930044884873,5.209277286586712,1416.0,10.27923240171367,5.069955115126959,-5.209277286586712,False
8379,Factory_Issue_weighted_to_Production_lag0,0.032262998096699295,-0.0677370019033007,-0.1,1405.7207675982863,1401.8654299192435,-3.8553376790428047,1416.0,10.27923240171367,14.134570080756475,3.8553376790428047,True
8379,Factory_Issue_weighted_to_Production_lag0,0.032262998096699295,-0.034403668569967384,-0.06666666666666668,1405.7207675982863,1401.8654299192435,-3.8553376790428047,1416.0,10.27923240171367,14.134570080756475,3.8553376790428047,True
8379,Factory_Issue_weighted_to_Production_lag0,0.032262998096699295,-0.0010703352366340443,-0.03333333333333334,1405.7207675982863,1401.8654299192435,-3.8553376790428047,1416.0,10.27923240171367,14.134570080756475,3.8553376790428047,True
8379,Factory_Issue_weighted_to_Production_lag0,0.032262998096699295,0.032262998096699295,0.0,1405.7207675982863,1405.7207675982863,0.0,1416.0,10.27923240171367,10.27923240171367,0.0,False
8379,Factory_Issue_weighted_to_Production_lag0,0.032262998096699295,0.06559633143003263,0.03333333333333333,1405.7207675982863,1407.4264184466197,1.7056508483333346,1416.0,10.27923240171367,8.573581553380336,-1.7056508483333346,False
8379,Factory_Issue_weighted_to_Production_lag0,0.032262998096699295,0.09892966476336595,0.06666666666666665,1405.7207675982863,1407.4264184466197,1.7056508483333346,1416.0,10.27923240171367,8.573581553380336,-1.7056508483333346,False
8379,Factory_Issue_weighted_to_Production_lag0,0.032262998096699295,0.1322629980966993,0.1,1405.7207675982863,1396.7063150333886,-9.014452564897738,1416.0,10.27923240171367,19.29368496661141,9.014452564897738,True
8379,Delivery_weighted_to_Production_lag0,0.00889743048759855,-0.09110256951240145,-0.1,1405.7207675982863,1400.5193698142098,-5.201397784076562,1416.0,10.27923240171367,15.480630185790233,5.201397784076562,True
8379,Delivery_weighted_to_Production_lag0,0.00889743048759855,-0.05776923617906813,-0.06666666666666668,1405.7207675982863,1400.5193698142098,-5.201397784076562,1416.0,10.27923240171367,15.480630185790233,5.201397784076562,True
8379,Delivery_weighted_to_Production_lag0,0.00889743048759855,-0.02443590284573479,-0.03333333333333334,1405.7207675982863,1400.5193698142098,-5.201397784076562,1416.0,10.27923240171367,15.480630185790233,5.201397784076562,True
8379,Delivery_weighted_to_Production_lag0,0.00889743048759855,0.00889743048759855,0.0,1405.7207675982863,1405.7207675982863,0.0,1416.0,10.27923240171367,10.27923240171367,0.0,False
8379,Delivery_weighted_to_Production_lag0,0.00889743048759855,0.042230763820931876,0.033333333333333326,1405.7207675982863,1402.8841338067316,-2.836633791554732,1416.0,10.27923240171367,13.115866193268403,2.836633791554732,True
8379,Delivery_weighted_to_Production_lag0,0.00889743048759855,0.07556409715426521,0.06666666666666665,1405.7207675982863,1409.637091408077,3.9163238097905833,1416.0,10.27923240171367,6.362908591923087,-3.9163238097905833,False
8379,Delivery_weighted_to_Production_lag0,0.00889743048759855,0.10889743048759856,0.1,1405.7207675982863,1406.3478900017074,0.6271224034210263,1416.0,10.27923240171367,9.652109998292644,-0.6271224034210263,False
8379,Rainfall_weighted_to_Sunshine_lag0,0.0,-0.1,-0.1,1405.7207675982863,1405.7207675982863,0.0,1416.0,10.27923240171367,10.27923240171367,0.0,False
8379,Rainfall_weighted_to_Sunshine_lag0,0.0,-0.06666666666666668,-0.06666666666666668,1405.7207675982863,1405.7207675982863,0.0,1416.0,10.27923240171367,10.27923240171367,0.0,False
8379,Rainfall_weighted_to_Sunshine_lag0,0.0,-0.03333333333333334,-0.03333333333333334,1405.7207675982863,1405.7207675982863,0.0,1416.0,10.27923240171367,10.27923240171367,0.0,False
8379,Rainfall_weighted_to_Sunshine_lag0,0.0,0.0,0.0,1405.7207675982863,1405.7207675982863,0.0,1416.0,10.27923240171367,10.27923240171367,0.0,False
8379,Rainfall_weighted_to_Sunshine_lag0,0.0,0.033333333333333326,0.033333333333333326,1405.7207675982863,1405.8434585349692,0.12269093668282949,1416.0,10.27923240171367,10.156541465030841,-0.12269093668282949,False
8379,Rainfall_weighted_to_Sunshine_lag0,0.0,0.06666666666666665,0.06666666666666665,1405.7207675982863,1405.8434585349692,0.12269093668282949,1416.0,10.27923240171367,10.156541465030841,-0.12269093668282949,False
8379,Rainfall_weighted_to_Sunshine_lag0,0.0,0.1,0.1,1405.7207675982863,1396.8476406865093,-8.873126911777035,1416.0,10.27923240171367,19.152359313490706,8.873126911777035,True
8379,Rainfall_weighted_to_Sunshine_lag1,-0.0,-0.1,-0.1,1405.7207675982863,1405.7207675982863,0.0,1416.0,10.27923240171367,10.27923240171367,0.0,False
8379,Rainfall_weighted_to_Sunshine_lag1,-0.0,-0.06666666666666668,-0.06666666666666668,1405.7207675982863,1405.7207675982863,0.0,1416.0,10.27923240171367,10.27923240171367,0.0,False
8379,Rainfall_weighted_to_Sunshine_lag1,-0.0,-0.03333333333333334,-0.03333333333333334,1405.7207675982863,1405.7207675982863,0.0,1416.0,10.27923240171367,10.27923240171367,0.0,False
8379,Rainfall_weighted_to_Sunshine_lag1,-0.0,0.0,0.0,1405.7207675982863,1405.7207675982863,0.0,1416.0,10.27923240171367,10.27923240171367,0.0,False
8379,Rainfall_weighted_to_Sunshine_lag1,-0.0,0.033333333333333326,0.033333333333333326,1405.7207675982863,1405.7207675982863,0.0,1416.0,10.27923240171367,10.27923240171367,0.0,False
8379,Rainfall_weighted_to_Sunshine_lag1,-0.0,0.06666666666666665,0.06666666666666665,1405.7207675982863,1405.7207675982863,0.0,1416.0,10.27923240171367,10.27923240171367,0.0,False
8379,Rainfall_weighted_to_Sunshine_lag1,-0.0,0.1,0.1,1405.7207675982863,1405.7207675982863,0.0,1416.0,10.27923240171367,10.27923240171367,0.0,False
8379,Rainfall_weighted_to_BDT_USD_lag1,0.0,-0.1,-0.1,1405.7207675982863,1405.7207675982863,0.0,1416.0,10.27923240171367,10.27923240171367,0.0,False
8379,Rainfall_weighted_to_BDT_USD_lag1,0.0,-0.06666666666666668,-0.06666666666666668,1405.7207675982863,1405.7207675982863,0.0,1416.0,10.27923240171367,10.27923240171367,0.0,False
8379,Rainfall_weighted_to_BDT_USD_lag1,0.0,-0.03333333333333334,-0.03333333333333334,1405.7207675982863,1405.7207675982863,0.0,1416.0,10.27923240171367,10.27923240171367,0.0,False
8379,Rainfall_weighted_to_BDT_USD_lag1,0.0,0.0,0.0,1405.7207675982863,1405.7207675982863,0.0,1416.0,10.27923240171367,10.27923240171367,0.0,False
8379,Rainfall_weighted_to_BDT_USD_lag1,0.0,0.033333333333333326,0.033333333333333326,1405.7207675982863,1405.9331736744552,0.21240607616891793,1416.0,10.27923240171367,10.066826325544753,-0.21240607616891793,False
8379,Rainfall_weighted_to_BDT_USD_lag1,0.0,0.06666666666666665,0.06666666666666665,1405.7207675982863,1405.9331736744552,0.21240607616891793,1416.0,10.27923240171367,10.066826325544753,-0.21240607616891793,False
8379,Rainfall_weighted_to_BDT_USD_lag1,0.0,0.1,0.1,1405.7207675982863,1405.9331736744552,0.21240607616891793,1416.0,10.27923240171367,10.066826325544753,-0.21240607616891793,False
8379,Rainfall_weighted_to_BDT_USD_lag0,-0.0,-0.1,-0.1,1405.7207675982863,1405.7207675982863,0.0,1416.0,10.27923240171367,10.27923240171367,0.0,False
8379,Rainfall_weighted_to_BDT_USD_lag0,-0.0,-0.06666666666666668,-0.06666666666666668,1405.7207675982863,1405.7207675982863,0.0,1416.0,10.27923240171367,10.27923240171367,0.0,False
8379,Rainfall_weighted_to_BDT_USD_lag0,-0.0,-0.03333333333333334,-0.03333333333333334,1405.7207675982863,1405.7207675982863,0.0,1416.0,10.27923240171367,10.27923240171367,0.0,False
8379,Rainfall_weighted_to_BDT_USD_lag0,-0.0,0.0,0.0,1405.7207675982863,1405.7207675982863,0.0,1416.0,10.27923240171367,10.27923240171367,0.0,False
8379,Rainfall_weighted_to_BDT_USD_lag0,-0.0,0.033333333333333326,0.033333333333333326,1405.7207675982863,1405.7207675982863,0.0,1416.0,10.27923240171367,10.27923240171367,0.0,False
8379,Rainfall_weighted_to_BDT_USD_lag0,-0.0,0.06666666666666665,0.06666666666666665,1405.7207675982863,1405.7207675982863,0.0,1416.0,10.27923240171367,10.27923240171367,0.0,False
8379,Rainfall_weighted_to_BDT_USD_lag0,-0.0,0.1,0.1,1405.7207675982863,1405.7207675982863,0.0,1416.0,10.27923240171367,10.27923240171367,0.0,False
8379,Sales_causal_weighted_sum,626.0767110577583,625.9767110577583,-0.10000000000002274,1405.7207675982863,1405.7207675982863,0.0,1416.0,10.27923240171367,10.27923240171367,0.0,False
8379,Sales_causal_weighted_sum,626.0767110577583,626.0100443910916,-0.06666666666671972,1405.7207675982863,1405.7207675982863,0.0,1416.0,10.27923240171367,10.27923240171367,0.0,False
8379,Sales_causal_weighted_sum,626.0767110577583,626.043377724425,-0.03333333333330302,1405.7207675982863,1405.7207675982863,0.0,1416.0,10.27923240171367,10.27923240171367,0.0,False
8379,Sales_causal_weighted_sum,626.0767110577583,626.0767110577583,0.0,1405.7207675982863,1405.7207675982863,0.0,1416.0,10.27923240171367,10.27923240171367,0.0,False
8379,Sales_causal_weighted_sum,626.0767110577583,626.1100443910916,0.03333333333330302,1405.7207675982863,1405.7207675982863,0.0,1416.0,10.27923240171367,10.27923240171367,0.0,False
8379,Sales_causal_weighted_sum,626.0767110577583,626.143377724425,0.06666666666671972,1405.7207675982863,1405.7207675982863,0.0,1416.0,10.27923240171367,10.27923240171367,0.0,False
8379,Sales_causal_weighted_sum,626.0767110577583,626.1767110577583,0.10000000000002274,1405.7207675982863,1405.7207675982863,0.0,1416.0,10.27923240171367,10.27923240171367,0.0,False
8379,Temperature_to_Humidity_ratio_causal,1.7338603425559949,1.6338603425559948,-0.10000000000000009,1405.7207675982863,1405.7207675982863,0.0,1416.0,10.27923240171367,10.27923240171367,0.0,False
8379,Temperature_to_Humidity_ratio_causal,1.7338603425559949,1.6671936758893282,-0.06666666666666665,1405.7207675982863,1405.7207675982863,0.0,1416.0,10.27923240171367,10.27923240171367,0.0,False
8379,Temperature_to_Humidity_ratio_causal,1.7338603425559949,1.7005270092226614,-0.03333333333333344,1405.7207675982863,1405.7207675982863,0.0,1416.0,10.27923240171367,10.27923240171367,0.0,False
8379,Temperature_to_Humidity_ratio_causal,1.7338603425559949,1.7338603425559949,0.0,1405.7207675982863,1405.7207675982863,0.0,1416.0,10.27923240171367,10.27923240171367,0.0,False
8379,Temperature_to_Humidity_ratio_causal,1.7338603425559949,1.7671936758893283,0.03333333333333344,1405.7207675982863,1405.7207675982863,0.0,1416.0,10.27923240171367,10.27923240171367,0.0,False
8379,Temperature_to_Humidity_ratio_causal,1.7338603425559949,1.8005270092226615,0.06666666666666665,1405.7207675982863,1405.7207675982863,0.0,1416.0,10.27923240171367,10.27923240171367,0.0,False
8379,Temperature_to_Humidity_ratio_causal,1.7338603425559949,1.833860342555995,0.10000000000000009,1405.7207675982863,1405.7207675982863,0.0,1416.0,10.27923240171367,10.27923240171367,0.0,False
8379,Humidity_to_Sunshine_ratio_causal,1.4102564102564101,1.31025641025641,-0.10000000000000009,1405.7207675982863,1405.7207675982863,0.0,1416.0,10.27923240171367,10.27923240171367,0.0,False
8379,Humidity_to_Sunshine_ratio_causal,1.4102564102564101,1.3435897435897435,-0.06666666666666665,1405.7207675982863,1405.7207675982863,0.0,1416.0,10.27923240171367,10.27923240171367,0.0,False
8379,Humidity_to_Sunshine_ratio_causal,1.4102564102564101,1.3769230769230767,-0.03333333333333344,1405.7207675982863,1405.7207675982863,0.0,1416.0,10.27923240171367,10.27923240171367,0.0,False
8379,Humidity_to_Sunshine_ratio_causal,1.4102564102564101,1.4102564102564101,0.0,1405.7207675982863,1405.7207675982863,0.0,1416.0,10.27923240171367,10.27923240171367,0.0,False
8379,Humidity_to_Sunshine_ratio_causal,1.4102564102564101,1.4435897435897433,0.033333333333333215,1405.7207675982863,1405.7207675982863,0.0,1416.0,10.27923240171367,10.27923240171367,0.0,False
8379,Humidity_to_Sunshine_ratio_causal,1.4102564102564101,1.4769230769230768,0.06666666666666665,1405.7207675982863,1406.7432170317932,1.0224494335068357,1416.0,10.27923240171367,9.256782968206835,-1.0224494335068357,False
8379,Humidity_to_Sunshine_ratio_causal,1.4102564102564101,1.5102564102564102,0.10000000000000009,1405.7207675982863,1406.7432170317932,1.0224494335068357,1416.0,10.27923240171367,9.256782968206835,-1.0224494335068357,False
8379,Temperature_to_Sunshine_ratio_causal,2.445187662578967,2.345187662578967,-0.10000000000000009,1405.7207675982863,1405.7207675982863,0.0,1416.0,10.27923240171367,10.27923240171367,0.0,False
8379,Temperature_to_Sunshine_ratio_causal,2.445187662578967,2.3785209959123,-0.06666666666666687,1405.7207675982863,1405.7207675982863,0.0,1416.0,10.27923240171367,10.27923240171367,0.0,False
8379,Temperature_to_Sunshine_ratio_causal,2.445187662578967,2.411854329245634,-0.033333333333333215,1405.7207675982863,1405.7207675982863,0.0,1416.0,10.27923240171367,10.27923240171367,0.0,False
8379,Temperature_to_Sunshine_ratio_causal,2.445187662578967,2.445187662578967,0.0,1405.7207675982863,1405.7207675982863,0.0,1416.0,10.27923240171367,10.27923240171367,0.0,False
8379,Temperature_to_Sunshine_ratio_causal,2.445187662578967,2.4785209959123002,0.033333333333333215,1405.7207675982863,1405.7207675982863,0.0,1416.0,10.27923240171367,10.27923240171367,0.0,False
8379,Temperature_to_Sunshine_ratio_causal,2.445187662578967,2.511854329245634,0.06666666666666687,1405.7207675982863,1405.7207675982863,0.0,1416.0,10.27923240171367,10.27923240171367,0.0,False
8379,Temperature_to_Sunshine_ratio_causal,2.445187662578967,2.545187662578967,0.10000000000000009,1405.7207675982863,1405.7207675982863,0.0,1416.0,10.27923240171367,10.27923240171367,0.0,False
8379,Factory_Issue_to_Delivery_ratio_causal,1.8593026206100118,1.7593026206100117,-0.10000000000000009,1405.7207675982863,1405.767298565951,0.04653096766469389,1416.0,10.27923240171367,10.232701434048977,-0.04653096766469389,False
8379,Factory_Issue_to_Delivery_ratio_causal,1.8593026206100118,1.7926359539433452,-0.06666666666666665,1405.7207675982863,1405.767298565951,0.04653096766469389,1416.0,10.27923240171367,10.232701434048977,-0.04653096766469389,False
8379,Factory_Issue_to_Delivery_ratio_causal,1.8593026206100118,1.8259692872766784,-0.03333333333333344,1405.7207675982863,1405.767298565951,0.04653096766469389,1416.0,10.27923240171367,10.232701434048977,-0.04653096766469389,False
8379,Factory_Issue_to_Delivery_ratio_causal,1.8593026206100118,1.8593026206100118,0.0,1405.7207675982863,1405.7207675982863,0.0,1416.0,10.27923240171367,10.27923240171367,0.0,False
8379,Factory_Issue_to_Delivery_ratio_causal,1.8593026206100118,1.892635953943345,0.033333333333333215,1405.7207675982863,1405.7207675982863,0.0,1416.0,10.27923240171367,10.27923240171367,0.0,False
8379,Factory_Issue_to_Delivery_ratio_causal,1.8593026206100118,1.9259692872766785,0.06666666666666665,1405.7207675982863,1405.7207675982863,0.0,1416.0,10.27923240171367,10.27923240171367,0.0,False
8379,Factory_Issue_to_Delivery_ratio_causal,1.8593026206100118,1.959302620610012,0.10000000000000009,1405.7207675982863,1405.7207675982863,0.0,1416.0,10.27923240171367,10.27923240171367,0.0,False
8379,Factory_Issue_to_Production_ratio_causal,1.0017371667431296,0.9017371667431296,-0.09999999999999998,1405.7207675982863,1406.2066292478319,0.4858616495455408,1416.0,10.27923240171367,9.79337075216813,-0.4858616495455408,False
8379,Factory_Issue_to_Production_ratio_causal,1.0017371667431296,0.935070500076463,-0.06666666666666665,1405.7207675982863,1406.2066292478319,0.4858616495455408,1416.0,10.27923240171367,9.79337075216813,-0.4858616495455408,False
8379,Factory_Issue_to_Production_ratio_causal,1.0017371667431296,0.9684038334097963,-0.033333333333333326,1405.7207675982863,1406.3203063790324,0.5995387807461157,1416.0,10.27923240171367,9.679693620967555,-0.5995387807461157,False
8379,Factory_Issue_to_Production_ratio_causal,1.0017371667431296,1.0017371667431296,0.0,1405.7207675982863,1405.7207675982863,0.0,1416.0,10.27923240171367,10.27923240171367,0.0,False
8379,Factory_Issue_to_Production_ratio_causal,1.0017371667431296,1.035070500076463,0.03333333333333344,1405.7207675982863,1405.567142568126,-0.1536250301603559,1416.0,10.27923240171367,10.432857431874027,0.1536250301603559,True
8379,Factory_Issue_to_Production_ratio_causal,1.0017371667431296,1.0684038334097963,0.06666666666666665,1405.7207675982863,1405.810475097106,0.08970749881973461,1416.0,10.27923240171367,10.189524902893936,-0.08970749881973461,False
8379,Factory_Issue_to_Production_ratio_causal,1.0017371667431296,1.1017371667431297,0.10000000000000009,1405.7207675982863,1405.8571051216018,0.13633752331543292,1416.0,10.27923240171367,10.142894878398238,-0.13633752331543292,False
8379,Delivery_to_Production_ratio_causal,0.5387703731705995,0.4387703731705995,-0.09999999999999998,1405.7207675982863,1405.7207675982863,0.0,1416.0,10.27923240171367,10.27923240171367,0.0,False
8379,Delivery_to_Production_ratio_causal,0.5387703731705995,0.47210370650393285,-0.06666666666666665,1405.7207675982863,1405.7207675982863,0.0,1416.0,10.27923240171367,10.27923240171367,0.0,False
8379,Delivery_to_Production_ratio_causal,0.5387703731705995,0.5054370398372662,-0.033333333333333326,1405.7207675982863,1405.7207675982863,0.0,1416.0,10.27923240171367,10.27923240171367,0.0,False
8379,Delivery_to_Production_ratio_causal,0.5387703731705995,0.5387703731705995,0.0,1405.7207675982863,1405.7207675982863,0.0,1416.0,10.27923240171367,10.27923240171367,0.0,False
8379,Delivery_to_Production_ratio_causal,0.5387703731705995,0.5721037065039328,0.033333333333333326,1405.7207675982863,1405.7207675982863,0.0,1416.0,10.27923240171367,10.27923240171367,0.0,False
8379,Delivery_to_Production_ratio_causal,0.5387703731705995,0.6054370398372662,0.06666666666666665,1405.7207675982863,1405.7207675982863,0.0,1416.0,10.27923240171367,10.27923240171367,0.0,False
8379,Delivery_to_Production_ratio_causal,0.5387703731705995,0.6387703731705995,0.09999999999999998,1405.7207675982863,1405.7207675982863,0.0,1416.0,10.27923240171367,10.27923240171367,0.0,False
8379,Rainfall_to_Sunshine_ratio_causal,0.0,-0.1,-0.1,1405.7207675982863,1405.7207675982863,0.0,1416.0,10.27923240171367,10.27923240171367,0.0,False
8379,Rainfall_to_Sunshine_ratio_causal,0.0,-0.06666666666666668,-0.06666666666666668,1405.7207675982863,1405.7207675982863,0.0,1416.0,10.27923240171367,10.27923240171367,0.0,False
8379,Rainfall_to_Sunshine_ratio_causal,0.0,-0.03333333333333334,-0.03333333333333334,1405.7207675982863,1405.7207675982863,0.0,1416.0,10.27923240171367,10.27923240171367,0.0,False
8379,Rainfall_to_Sunshine_ratio_causal,0.0,0.0,0.0,1405.7207675982863,1405.7207675982863,0.0,1416.0,10.27923240171367,10.27923240171367,0.0,False
8379,Rainfall_to_Sunshine_ratio_causal,0.0,0.033333333333333326,0.033333333333333326,1405.7207675982863,1400.606064799105,-5.114702799181259,1416.0,10.27923240171367,15.39393520089493,5.114702799181259,True
8379,Rainfall_to_Sunshine_ratio_causal,0.0,0.06666666666666665,0.06666666666666665,1405.7207675982863,1400.8499749967586,-4.870792601527683,1416.0,10.27923240171367,15.150025003241353,4.870792601527683,True
8379,Rainfall_to_Sunshine_ratio_causal,0.0,0.1,0.1,1405.7207675982863,1400.8499749967586,-4.870792601527683,1416.0,10.27923240171367,15.150025003241353,4.870792601527683,True
8379,Rainfall_to_BDT_USD_ratio_causal,0.0,-0.1,-0.1,1405.7207675982863,1405.7207675982863,0.0,1416.0,10.27923240171367,10.27923240171367,0.0,False
8379,Rainfall_to_BDT_USD_ratio_causal,0.0,-0.06666666666666668,-0.06666666666666668,1405.7207675982863,1405.7207675982863,0.0,1416.0,10.27923240171367,10.27923240171367,0.0,False
8379,Rainfall_to_BDT_USD_ratio_causal,0.0,-0.03333333333333334,-0.03333333333333334,1405.7207675982863,1405.7207675982863,0.0,1416.0,10.27923240171367,10.27923240171367,0.0,False
8379,Rainfall_to_BDT_USD_ratio_causal,0.0,0.0,0.0,1405.7207675982863,1405.7207675982863,0.0,1416.0,10.27923240171367,10.27923240171367,0.0,False
8379,Rainfall_to_BDT_USD_ratio_causal,0.0,0.033333333333333326,0.033333333333333326,1405.7207675982863,1405.8862171425733,0.16544954428695746,1416.0,10.27923240171367,10.113782857426713,-0.16544954428695746,False
8379,Rainfall_to_BDT_USD_ratio_causal,0.0,0.06666666666666665,0.06666666666666665,1405.7207675982863,1405.8862171425733,0.16544954428695746,1416.0,10.27923240171367,10.113782857426713,-0.16544954428695746,False
8379,Rainfall_to_BDT_USD_ratio_causal,0.0,0.1,0.1,1405.7207675982863,1405.8862171425733,0.16544954428695746,1416.0,10.27923240171367,10.113782857426713,-0.16544954428695746,False
8379,Delivery_lag1_x_Sales_causal,2.8294000108008093,2.729400010800809,-0.10000000000000009,1405.7207675982863,1405.7207675982863,0.0,1416.0,10.27923240171367,10.27923240171367,0.0,False
8379,Delivery_lag1_x_Sales_causal,2.8294000108008093,2.7627333441341424,-0.06666666666666687,1405.7207675982863,1405.7207675982863,0.0,1416.0,10.27923240171367,10.27923240171367,0.0,False
8379,Delivery_lag1_x_Sales_causal,2.8294000108008093,2.796066677467476,-0.033333333333333215,1405.7207675982863,1405.7207675982863,0.0,1416.0,10.27923240171367,10.27923240171367,0.0,False
8379,Delivery_lag1_x_Sales_causal,2.8294000108008093,2.8294000108008093,0.0,1405.7207675982863,1405.7207675982863,0.0,1416.0,10.27923240171367,10.27923240171367,0.0,False
8379,Delivery_lag1_x_Sales_causal,2.8294000108008093,2.8627333441341425,0.033333333333333215,1405.7207675982863,1405.7207675982863,0.0,1416.0,10.27923240171367,10.27923240171367,0.0,False
8379,Delivery_lag1_x_Sales_causal,2.8294000108008093,2.896066677467476,0.06666666666666687,1405.7207675982863,1405.7207675982863,0.0,1416.0,10.27923240171367,10.27923240171367,0.0,False
8379,Delivery_lag1_x_Sales_causal,2.8294000108008093,2.9294000108008094,0.10000000000000009,1405.7207675982863,1405.7207675982863,0.0,1416.0,10.27923240171367,10.27923240171367,0.0,False
8379,Rainfall_lag1_x_Sales_causal,0.0,-0.1,-0.1,1405.7207675982863,1405.7207675982863,0.0,1416.0,10.27923240171367,10.27923240171367,0.0,False
8379,Rainfall_lag1_x_Sales_causal,0.0,-0.06666666666666668,-0.06666666666666668,1405.7207675982863,1405.7207675982863,0.0,1416.0,10.27923240171367,10.27923240171367,0.0,False
8379,Rainfall_lag1_x_Sales_causal,0.0,-0.03333333333333334,-0.03333333333333334,1405.7207675982863,1405.7207675982863,0.0,1416.0,10.27923240171367,10.27923240171367,0.0,False
8379,Rainfall_lag1_x_Sales_causal,0.0,0.0,0.0,1405.7207675982863,1405.7207675982863,0.0,1416.0,10.27923240171367,10.27923240171367,0.0,False
8379,Rainfall_lag1_x_Sales_causal,0.0,0.033333333333333326,0.033333333333333326,1405.7207675982863,1405.7207675982863,0.0,1416.0,10.27923240171367,10.27923240171367,0.0,False
8379,Rainfall_lag1_x_Sales_causal,0.0,0.06666666666666665,0.06666666666666665,1405.7207675982863,1405.7207675982863,0.0,1416.0,10.27923240171367,10.27923240171367,0.0,False
8379,Rainfall_lag1_x_Sales_causal,0.0,0.1,0.1,1405.7207675982863,1405.7207675982863,0.0,1416.0,10.27923240171367,10.27923240171367,0.0,False
8379,Humidity_lag1_x_Sales_causal,741.7142857142856,741.6142857142855,-0.10000000000002274,1405.7207675982863,1405.7207675982863,0.0,1416.0,10.27923240171367,10.27923240171367,0.0,False
8379,Humidity_lag1_x_Sales_causal,741.7142857142856,741.6476190476188,-0.06666666666671972,1405.7207675982863,1405.7207675982863,0.0,1416.0,10.27923240171367,10.27923240171367,0.0,False
8379,Humidity_lag1_x_Sales_causal,741.7142857142856,741.6809523809522,-0.03333333333330302,1405.7207675982863,1405.7207675982863,0.0,1416.0,10.27923240171367,10.27923240171367,0.0,False
8379,Humidity_lag1_x_Sales_causal,741.7142857142856,741.7142857142856,0.0,1405.7207675982863,1405.7207675982863,0.0,1416.0,10.27923240171367,10.27923240171367,0.0,False
8379,Humidity_lag1_x_Sales_causal,741.7142857142856,741.7476190476189,0.03333333333330302,1405.7207675982863,1405.7207675982863,0.0,1416.0,10.27923240171367,10.27923240171367,0.0,False
8379,Humidity_lag1_x_Sales_causal,741.7142857142856,741.7809523809523,0.06666666666671972,1405.7207675982863,1405.7207675982863,0.0,1416.0,10.27923240171367,10.27923240171367,0.0,False
8379,Humidity_lag1_x_Sales_causal,741.7142857142856,741.8142857142856,0.10000000000002274,1405.7207675982863,1405.7207675982863,0.0,1416.0,10.27923240171367,10.27923240171367,0.0,False
8379,Sunshine_lag1_x_Sales_causal,525.9428571428571,525.842857142857,-0.10000000000002274,1405.7207675982863,1405.7207675982863,0.0,1416.0,10.27923240171367,10.27923240171367,0.0,False
8379,Sunshine_lag1_x_Sales_causal,525.9428571428571,525.8761904761903,-0.06666666666671972,1405.7207675982863,1405.7207675982863,0.0,1416.0,10.27923240171367,10.27923240171367,0.0,False
8379,Sunshine_lag1_x_Sales_causal,525.9428571428571,525.9095238095238,-0.03333333333330302,1405.7207675982863,1405.7207675982863,0.0,1416.0,10.27923240171367,10.27923240171367,0.0,False
8379,Sunshine_lag1_x_Sales_causal,525.9428571428571,525.9428571428571,0.0,1405.7207675982863,1405.7207675982863,0.0,1416.0,10.27923240171367,10.27923240171367,0.0,False
8379,Sunshine_lag1_x_Sales_causal,525.9428571428571,525.9761904761904,0.03333333333330302,1405.7207675982863,1405.7207675982863,0.0,1416.0,10.27923240171367,10.27923240171367,0.0,False
8379,Sunshine_lag1_x_Sales_causal,525.9428571428571,526.0095238095238,0.06666666666671972,1405.7207675982863,1405.7207675982863,0.0,1416.0,10.27923240171367,10.27923240171367,0.0,False
8379,Sunshine_lag1_x_Sales_causal,525.9428571428571,526.0428571428571,0.10000000000002274,1405.7207675982863,1405.7207675982863,0.0,1416.0,10.27923240171367,10.27923240171367,0.0,False
8379,BDT_USD_lag1_x_Sales_causal,1165.990111327316,1165.8901113273162,-0.09999999999990905,1405.7207675982863,1405.7207675982863,0.0,1416.0,10.27923240171367,10.27923240171367,0.0,False
8379,BDT_USD_lag1_x_Sales_causal,1165.990111327316,1165.9234446606495,-0.06666666666660603,1405.7207675982863,1405.7207675982863,0.0,1416.0,10.27923240171367,10.27923240171367,0.0,False
8379,BDT_USD_lag1_x_Sales_causal,1165.990111327316,1165.9567779939828,-0.03333333333330302,1405.7207675982863,1405.7207675982863,0.0,1416.0,10.27923240171367,10.27923240171367,0.0,False
8379,BDT_USD_lag1_x_Sales_causal,1165.990111327316,1165.990111327316,0.0,1405.7207675982863,1405.7207675982863,0.0,1416.0,10.27923240171367,10.27923240171367,0.0,False
8379,BDT_USD_lag1_x_Sales_causal,1165.990111327316,1166.0234446606494,0.03333333333330302,1405.7207675982863,1405.7207675982863,0.0,1416.0,10.27923240171367,10.27923240171367,0.0,False
8379,BDT_USD_lag1_x_Sales_causal,1165.990111327316,1166.0567779939827,0.06666666666660603,1405.7207675982863,1405.7207675982863,0.0,1416.0,10.27923240171367,10.27923240171367,0.0,False
8379,BDT_USD_lag1_x_Sales_causal,1165.990111327316,1166.090111327316,0.09999999999990905,1405.7207675982863,1405.7207675982863,0.0,1416.0,10.27923240171367,10.27923240171367,0.0,False
8379,Temperature_lag1_x_Sales_causal,1286.0289855072463,1285.9289855072464,-0.09999999999990905,1405.7207675982863,1405.7207675982863,0.0,1416.0,10.27923240171367,10.27923240171367,0.0,False
8379,Temperature_lag1_x_Sales_causal,1286.0289855072463,1285.9623188405797,-0.06666666666660603,1405.7207675982863,1405.7207675982863,0.0,1416.0,10.27923240171367,10.27923240171367,0.0,False
8379,Temperature_lag1_x_Sales_causal,1286.0289855072463,1285.995652173913,-0.03333333333330302,1405.7207675982863,1405.7207675982863,0.0,1416.0,10.27923240171367,10.27923240171367,0.0,False
8379,Temperature_lag1_x_Sales_causal,1286.0289855072463,1286.0289855072463,0.0,1405.7207675982863,1405.7207675982863,0.0,1416.0,10.27923240171367,10.27923240171367,0.0,False
8379,Temperature_lag1_x_Sales_causal,1286.0289855072463,1286.0623188405796,0.03333333333330302,1405.7207675982863,1405.7207675982863,0.0,1416.0,10.27923240171367,10.27923240171367,0.0,False
8379,Temperature_lag1_x_Sales_causal,1286.0289855072463,1286.0956521739129,0.06666666666660603,1405.7207675982863,1405.7207675982863,0.0,1416.0,10.27923240171367,10.27923240171367,0.0,False
8379,Temperature_lag1_x_Sales_causal,1286.0289855072463,1286.1289855072462,0.09999999999990905,1405.7207675982863,1405.7207675982863,0.0,1416.0,10.27923240171367,10.27923240171367,0.0,False
8379,Production_lag1_x_Sales_causal,0.0,-0.1,-0.1,1405.7207675982863,1405.7207675982863,0.0,1416.0,10.27923240171367,10.27923240171367,0.0,False
8379,Production_lag1_x_Sales_causal,0.0,-0.06666666666666668,-0.06666666666666668,1405.7207675982863,1405.7207675982863,0.0,1416.0,10.27923240171367,10.27923240171367,0.0,False
8379,Production_lag1_x_Sales_causal,0.0,-0.03333333333333334,-0.03333333333333334,1405.7207675982863,1405.7207675982863,0.0,1416.0,10.27923240171367,10.27923240171367,0.0,False
8379,Production_lag1_x_Sales_causal,0.0,0.0,0.0,1405.7207675982863,1405.7207675982863,0.0,1416.0,10.27923240171367,10.27923240171367,0.0,False
8379,Production_lag1_x_Sales_causal,0.0,0.033333333333333326,0.033333333333333326,1405.7207675982863,1405.7207675982863,0.0,1416.0,10.27923240171367,10.27923240171367,0.0,False
8379,Production_lag1_x_Sales_causal,0.0,0.06666666666666665,0.06666666666666665,1405.7207675982863,1405.7207675982863,0.0,1416.0,10.27923240171367,10.27923240171367,0.0,False
8379,Production_lag1_x_Sales_causal,0.0,0.1,0.1,1405.7207675982863,1405.7207675982863,0.0,1416.0,10.27923240171367,10.27923240171367,0.0,False
8379,Factory_Issue_lag1_x_Sales_causal,0.3609114543507672,0.26091145435076724,-0.09999999999999998,1405.7207675982863,1405.0373779284305,-0.6833896698558419,1416.0,10.27923240171367,10.962622071569513,0.6833896698558419,True
8379,Factory_Issue_lag1_x_Sales_causal,0.3609114543507672,0.29424478768410056,-0.06666666666666665,1405.7207675982863,1405.0373779284305,-0.6833896698558419,1416.0,10.27923240171367,10.962622071569513,0.6833896698558419,True
8379,Factory_Issue_lag1_x_Sales_causal,0.3609114543507672,0.3275781210174339,-0.033333333333333326,1405.7207675982863,1405.0373779284305,-0.6833896698558419,1416.0,10.27923240171367,10.962622071569513,0.6833896698558419,True
8379,Factory_Issue_lag1_x_Sales_causal,0.3609114543507672,0.3609114543507672,0.0,1405.7207675982863,1405.7207675982863,0.0,1416.0,10.27923240171367,10.27923240171367,0.0,False
8379,Factory_Issue_lag1_x_Sales_causal,0.3609114543507672,0.39424478768410054,0.033333333333333326,1405.7207675982863,1405.7207675982863,0.0,1416.0,10.27923240171367,10.27923240171367,0.0,False
8379,Factory_Issue_lag1_x_Sales_causal,0.3609114543507672,0.42757812101743387,0.06666666666666665,1405.7207675982863,1405.7207675982863,0.0,1416.0,10.27923240171367,10.27923240171367,0.0,False
8379,Factory_Issue_lag1_x_Sales_causal,0.3609114543507672,0.4609114543507672,0.09999999999999998,1405.7207675982863,1405.7207675982863,0.0,1416.0,10.27923240171367,10.27923240171367,0.0,False
8379,Temperature_lag1_x_Humidity_causal,0.4757303887738669,0.3757303887738669,-0.10000000000000003,1405.7207675982863,1411.170919233557,5.450151635270686,1416.0,10.27923240171367,4.829080766442985,-5.450151635270686,False
8379,Temperature_lag1_x_Humidity_causal,0.4757303887738669,0.4090637221072002,-0.06666666666666671,1405.7207675982863,1406.583560057934,0.8627924596476078,1416.0,10.27923240171367,9.416439942066063,-0.8627924596476078,False
8379,Temperature_lag1_x_Humidity_causal,0.4757303887738669,0.4423970554405336,-0.033333333333333326,1405.7207675982863,1405.7207675982863,0.0,1416.0,10.27923240171367,10.27923240171367,0.0,False
8379,Temperature_lag1_x_Humidity_causal,0.4757303887738669,0.4757303887738669,0.0,1405.7207675982863,1405.7207675982863,0.0,1416.0,10.27923240171367,10.27923240171367,0.0,False
8379,Temperature_lag1_x_Humidity_causal,0.4757303887738669,0.5090637221072003,0.03333333333333338,1405.7207675982863,1404.7324412903324,-0.988326307953912,1416.0,10.27923240171367,11.267558709667583,0.988326307953912,True
8379,Temperature_lag1_x_Humidity_causal,0.4757303887738669,0.5423970554405335,0.0666666666666666,1405.7207675982863,1404.5268923733975,-1.1938752248888704,1416.0,10.27923240171367,11.473107626602541,1.1938752248888704,True
8379,Temperature_lag1_x_Humidity_causal,0.4757303887738669,0.575730388773867,0.10000000000000003,1405.7207675982863,1395.5469553852831,-10.173812213003202,1416.0,10.27923240171367,20.453044614716873,10.173812213003202,True
8379,Humidity_lag1_x_Sunshine_causal,0.19455782312925166,0.09455782312925165,-0.1,1405.7207675982863,1414.1719349131888,8.451167314902477,1416.0,10.27923240171367,1.8280650868111934,-8.451167314902477,False
8379,Humidity_lag1_x_Sunshine_causal,0.19455782312925166,0.12789115646258498,-0.06666666666666668,1405.7207675982863,1408.8399512763208,3.11918367803446,1416.0,10.27923240171367,7.1600487236792105,-3.11918367803446,False
8379,Humidity_lag1_x_Sunshine_causal,0.19455782312925166,0.1612244897959183,-0.033333333333333354,1405.7207675982863,1405.662280636885,-0.05848696140128595,1416.0,10.27923240171367,10.337719363114957,0.05848696140128595,True
8379,Humidity_lag1_x_Sunshine_causal,0.19455782312925166,0.19455782312925166,0.0,1405.7207675982863,1405.7207675982863,0.0,1416.0,10.27923240171367,10.27923240171367,0.0,False
8379,Humidity_lag1_x_Sunshine_causal,0.19455782312925166,0.22789115646258498,0.033333333333333326,1405.7207675982863,1384.0076347781583,-21.713132820128067,1416.0,10.27923240171367,31.992365221841737,21.713132820128067,True
8379,Humidity_lag1_x_Sunshine_causal,0.19455782312925166,0.2612244897959183,0.06666666666666662,1405.7207675982863,1374.813357212737,-30.907410385549383,1416.0,10.27923240171367,41.186642787263054,30.907410385549383,True
8379,Humidity_lag1_x_Sunshine_causal,0.19455782312925166,0.29455782312925166,0.1,1405.7207675982863,1366.3467249766575,-39.37404262162886,1416.0,10.27923240171367,49.65327502334253,39.37404262162886,True
8379,Temperature_lag1_x_Sunshine_causal,0.3373360938578329,0.2373360938578329,-0.1,1405.7207675982863,1408.3689505503103,2.6481829520239444,1416.0,10.27923240171367,7.631049449689726,-2.6481829520239444,False
8379,Temperature_lag1_x_Sunshine_causal,0.3373360938578329,0.27066942719116627,-0.06666666666666665,1405.7207675982863,1405.7207675982863,0.0,1416.0,10.27923240171367,10.27923240171367,0.0,False
8379,Temperature_lag1_x_Sunshine_causal,0.3373360938578329,0.3040027605244996,-0.033333333333333326,1405.7207675982863,1405.7207675982863,0.0,1416.0,10.27923240171367,10.27923240171367,0.0,False
8379,Temperature_lag1_x_Sunshine_causal,0.3373360938578329,0.3373360938578329,0.0,1405.7207675982863,1405.7207675982863,0.0,1416.0,10.27923240171367,10.27923240171367,0.0,False
8379,Temperature_lag1_x_Sunshine_causal,0.3373360938578329,0.37066942719116625,0.033333333333333326,1405.7207675982863,1405.7207675982863,0.0,1416.0,10.27923240171367,10.27923240171367,0.0,False
8379,Temperature_lag1_x_Sunshine_causal,0.3373360938578329,0.40400276052449957,0.06666666666666665,1405.7207675982863,1405.7207675982863,0.0,1416.0,10.27923240171367,10.27923240171367,0.0,False
8379,Temperature_lag1_x_Sunshine_causal,0.3373360938578329,0.4373360938578329,0.09999999999999998,1405.7207675982863,1402.665160317772,-3.055607280514323,1416.0,10.27923240171367,13.334839682227994,3.055607280514323,True
8379,Rainfall_lag1_x_Sunshine_causal,0.0,-0.1,-0.1,1405.7207675982863,1405.7207675982863,0.0,1416.0,10.27923240171367,10.27923240171367,0.0,False
8379,Rainfall_lag1_x_Sunshine_causal,0.0,-0.06666666666666668,-0.06666666666666668,1405.7207675982863,1405.7207675982863,0.0,1416.0,10.27923240171367,10.27923240171367,0.0,False
8379,Rainfall_lag1_x_Sunshine_causal,0.0,-0.03333333333333334,-0.03333333333333334,1405.7207675982863,1405.7207675982863,0.0,1416.0,10.27923240171367,10.27923240171367,0.0,False
8379,Rainfall_lag1_x_Sunshine_causal,0.0,0.0,0.0,1405.7207675982863,1405.7207675982863,0.0,1416.0,10.27923240171367,10.27923240171367,0.0,False
8379,Rainfall_lag1_x_Sunshine_causal,0.0,0.033333333333333326,0.033333333333333326,1405.7207675982863,1405.7207675982863,0.0,1416.0,10.27923240171367,10.27923240171367,0.0,False
8379,Rainfall_lag1_x_Sunshine_causal,0.0,0.06666666666666665,0.06666666666666665,1405.7207675982863,1405.7207675982863,0.0,1416.0,10.27923240171367,10.27923240171367,0.0,False
8379,Rainfall_lag1_x_Sunshine_causal,0.0,0.1,0.1,1405.7207675982863,1405.7207675982863,0.0,1416.0,10.27923240171367,10.27923240171367,0.0,False
8379,Rainfall_lag1_x_BDT_USD_causal,0.0,-0.1,-0.1,1405.7207675982863,1405.7207675982863,0.0,1416.0,10.27923240171367,10.27923240171367,0.0,False
8379,Rainfall_lag1_x_BDT_USD_causal,0.0,-0.06666666666666668,-0.06666666666666668,1405.7207675982863,1405.7207675982863,0.0,1416.0,10.27923240171367,10.27923240171367,0.0,False
8379,Rainfall_lag1_x_BDT_USD_causal,0.0,-0.03333333333333334,-0.03333333333333334,1405.7207675982863,1405.7207675982863,0.0,1416.0,10.27923240171367,10.27923240171367,0.0,False
8379,Rainfall_lag1_x_BDT_USD_causal,0.0,0.0,0.0,1405.7207675982863,1405.7207675982863,0.0,1416.0,10.27923240171367,10.27923240171367,0.0,False
8379,Rainfall_lag1_x_BDT_USD_causal,0.0,0.033333333333333326,0.033333333333333326,1405.7207675982863,1402.1126940329018,-3.6080735653845295,1416.0,10.27923240171367,13.8873059670982,3.6080735653845295,True
8379,Rainfall_lag1_x_BDT_USD_causal,0.0,0.06666666666666665,0.06666666666666665,1405.7207675982863,1401.844624790168,-3.876142808118402,1416.0,10.27923240171367,14.155375209832073,3.876142808118402,True
8379,Rainfall_lag1_x_BDT_USD_causal,0.0,0.1,0.1,1405.7207675982863,1401.844624790168,-3.876142808118402,1416.0,10.27923240171367,14.155375209832073,3.876142808118402,True
8379,dow,0.0,-0.1,-0.1,1405.7207675982863,1405.7207675982863,0.0,1416.0,10.27923240171367,10.27923240171367,0.0,False
8379,dow,0.0,-0.06666666666666668,-0.06666666666666668,1405.7207675982863,1405.7207675982863,0.0,1416.0,10.27923240171367,10.27923240171367,0.0,False
8379,dow,0.0,-0.03333333333333334,-0.03333333333333334,1405.7207675982863,1405.7207675982863,0.0,1416.0,10.27923240171367,10.27923240171367,0.0,False
8379,dow,0.0,0.0,0.0,1405.7207675982863,1405.7207675982863,0.0,1416.0,10.27923240171367,10.27923240171367,0.0,False
8379,dow,0.0,0.033333333333333326,0.033333333333333326,1405.7207675982863,1405.7207675982863,0.0,1416.0,10.27923240171367,10.27923240171367,0.0,False
8379,dow,0.0,0.06666666666666665,0.06666666666666665,1405.7207675982863,1405.7207675982863,0.0,1416.0,10.27923240171367,10.27923240171367,0.0,False
8379,dow,0.0,0.1,0.1,1405.7207675982863,1405.7207675982863,0.0,1416.0,10.27923240171367,10.27923240171367,0.0,False
8379,is_weekend,0.0,-0.1,-0.1,1405.7207675982863,1405.7207675982863,0.0,1416.0,10.27923240171367,10.27923240171367,0.0,False
8379,is_weekend,0.0,-0.06666666666666668,-0.06666666666666668,1405.7207675982863,1405.7207675982863,0.0,1416.0,10.27923240171367,10.27923240171367,0.0,False
8379,is_weekend,0.0,-0.03333333333333334,-0.03333333333333334,1405.7207675982863,1405.7207675982863,0.0,1416.0,10.27923240171367,10.27923240171367,0.0,False
8379,is_weekend,0.0,0.0,0.0,1405.7207675982863,1405.7207675982863,0.0,1416.0,10.27923240171367,10.27923240171367,0.0,False
8379,is_weekend,0.0,0.033333333333333326,0.033333333333333326,1405.7207675982863,1405.7207675982863,0.0,1416.0,10.27923240171367,10.27923240171367,0.0,False
8379,is_weekend,0.0,0.06666666666666665,0.06666666666666665,1405.7207675982863,1405.7207675982863,0.0,1416.0,10.27923240171367,10.27923240171367,0.0,False
8379,is_weekend,0.0,0.1,0.1,1405.7207675982863,1405.7207675982863,0.0,1416.0,10.27923240171367,10.27923240171367,0.0,False
8379,dom,24.0,23.9,-0.10000000000000142,1405.7207675982863,1405.7207675982863,0.0,1416.0,10.27923240171367,10.27923240171367,0.0,False
8379,dom,24.0,23.933333333333334,-0.06666666666666643,1405.7207675982863,1405.7207675982863,0.0,1416.0,10.27923240171367,10.27923240171367,0.0,False
8379,dom,24.0,23.966666666666665,-0.03333333333333499,1405.7207675982863,1405.7207675982863,0.0,1416.0,10.27923240171367,10.27923240171367,0.0,False
8379,dom,24.0,24.0,0.0,1405.7207675982863,1405.7207675982863,0.0,1416.0,10.27923240171367,10.27923240171367,0.0,False
8379,dom,24.0,24.033333333333335,0.03333333333333499,1405.7207675982863,1405.7207675982863,0.0,1416.0,10.27923240171367,10.27923240171367,0.0,False
8379,dom,24.0,24.066666666666666,0.06666666666666643,1405.7207675982863,1405.7207675982863,0.0,1416.0,10.27923240171367,10.27923240171367,0.0,False
8379,dom,24.0,24.1,0.10000000000000142,1405.7207675982863,1405.7207675982863,0.0,1416.0,10.27923240171367,10.27923240171367,0.0,False
8379,month,7.0,6.9,-0.09999999999999964,1405.7207675982863,1405.7207675982863,0.0,1416.0,10.27923240171367,10.27923240171367,0.0,False
8379,month,7.0,6.933333333333334,-0.06666666666666643,1405.7207675982863,1405.7207675982863,0.0,1416.0,10.27923240171367,10.27923240171367,0.0,False
8379,month,7.0,6.966666666666667,-0.033333333333333215,1405.7207675982863,1405.7207675982863,0.0,1416.0,10.27923240171367,10.27923240171367,0.0,False
8379,month,7.0,7.0,0.0,1405.7207675982863,1405.7207675982863,0.0,1416.0,10.27923240171367,10.27923240171367,0.0,False
8379,month,7.0,7.033333333333333,0.033333333333333215,1405.7207675982863,1405.7207675982863,0.0,1416.0,10.27923240171367,10.27923240171367,0.0,False
8379,month,7.0,7.066666666666666,0.06666666666666643,1405.7207675982863,1405.7207675982863,0.0,1416.0,10.27923240171367,10.27923240171367,0.0,False
8379,month,7.0,7.1,0.09999999999999964,1405.7207675982863,1405.7207675982863,0.0,1416.0,10.27923240171367,10.27923240171367,0.0,False
8379,quarter,3.0,2.9,-0.10000000000000009,1405.7207675982863,1405.7207675982863,0.0,1416.0,10.27923240171367,10.27923240171367,0.0,False
8379,quarter,3.0,2.933333333333333,-0.06666666666666687,1405.7207675982863,1405.7207675982863,0.0,1416.0,10.27923240171367,10.27923240171367,0.0,False
8379,quarter,3.0,2.966666666666667,-0.033333333333333215,1405.7207675982863,1405.7207675982863,0.0,1416.0,10.27923240171367,10.27923240171367,0.0,False
8379,quarter,3.0,3.0,0.0,1405.7207675982863,1405.7207675982863,0.0,1416.0,10.27923240171367,10.27923240171367,0.0,False
8379,quarter,3.0,3.033333333333333,0.033333333333333215,1405.7207675982863,1405.7207675982863,0.0,1416.0,10.27923240171367,10.27923240171367,0.0,False
8379,quarter,3.0,3.0666666666666664,0.06666666666666643,1405.7207675982863,1405.7207675982863,0.0,1416.0,10.27923240171367,10.27923240171367,0.0,False
8379,quarter,3.0,3.1,0.10000000000000009,1405.7207675982863,1405.7207675982863,0.0,1416.0,10.27923240171367,10.27923240171367,0.0,False
8379,doy,205.0,204.9,-0.09999999999999432,1405.7207675982863,1405.7207675982863,0.0,1416.0,10.27923240171367,10.27923240171367,0.0,False
8379,doy,205.0,204.93333333333334,-0.06666666666666288,1405.7207675982863,1405.7207675982863,0.0,1416.0,10.27923240171367,10.27923240171367,0.0,False
8379,doy,205.0,204.96666666666667,-0.03333333333333144,1405.7207675982863,1405.7207675982863,0.0,1416.0,10.27923240171367,10.27923240171367,0.0,False
8379,doy,205.0,205.0,0.0,1405.7207675982863,1405.7207675982863,0.0,1416.0,10.27923240171367,10.27923240171367,0.0,False
8379,doy,205.0,205.03333333333333,0.03333333333333144,1405.7207675982863,1405.7207675982863,0.0,1416.0,10.27923240171367,10.27923240171367,0.0,False
8379,doy,205.0,205.06666666666666,0.06666666666666288,1405.7207675982863,1405.7207675982863,0.0,1416.0,10.27923240171367,10.27923240171367,0.0,False
8379,doy,205.0,205.1,0.09999999999999432,1405.7207675982863,1405.7207675982863,0.0,1416.0,10.27923240171367,10.27923240171367,0.0,False
8379,iso_week,30.0,29.9,-0.10000000000000142,1405.7207675982863,1405.7207675982863,0.0,1416.0,10.27923240171367,10.27923240171367,0.0,False
8379,iso_week,30.0,29.933333333333334,-0.06666666666666643,1405.7207675982863,1405.7207675982863,0.0,1416.0,10.27923240171367,10.27923240171367,0.0,False
8379,iso_week,30.0,29.966666666666665,-0.03333333333333499,1405.7207675982863,1405.7207675982863,0.0,1416.0,10.27923240171367,10.27923240171367,0.0,False
8379,iso_week,30.0,30.0,0.0,1405.7207675982863,1405.7207675982863,0.0,1416.0,10.27923240171367,10.27923240171367,0.0,False
8379,iso_week,30.0,30.033333333333335,0.03333333333333499,1405.7207675982863,1405.7207675982863,0.0,1416.0,10.27923240171367,10.27923240171367,0.0,False
8379,iso_week,30.0,30.066666666666666,0.06666666666666643,1405.7207675982863,1405.7207675982863,0.0,1416.0,10.27923240171367,10.27923240171367,0.0,False
8379,iso_week,30.0,30.1,0.10000000000000142,1405.7207675982863,1405.7207675982863,0.0,1416.0,10.27923240171367,10.27923240171367,0.0,False
8379,dow_sin,0.0,-0.1,-0.1,1405.7207675982863,1405.7207675982863,0.0,1416.0,10.27923240171367,10.27923240171367,0.0,False
8379,dow_sin,0.0,-0.06666666666666668,-0.06666666666666668,1405.7207675982863,1405.7207675982863,0.0,1416.0,10.27923240171367,10.27923240171367,0.0,False
8379,dow_sin,0.0,-0.03333333333333334,-0.03333333333333334,1405.7207675982863,1405.7207675982863,0.0,1416.0,10.27923240171367,10.27923240171367,0.0,False
8379,dow_sin,0.0,0.0,0.0,1405.7207675982863,1405.7207675982863,0.0,1416.0,10.27923240171367,10.27923240171367,0.0,False
8379,dow_sin,0.0,0.033333333333333326,0.033333333333333326,1405.7207675982863,1405.7207675982863,0.0,1416.0,10.27923240171367,10.27923240171367,0.0,False
8379,dow_sin,0.0,0.06666666666666665,0.06666666666666665,1405.7207675982863,1405.7207675982863,0.0,1416.0,10.27923240171367,10.27923240171367,0.0,False
8379,dow_sin,0.0,0.1,0.1,1405.7207675982863,1405.7207675982863,0.0,1416.0,10.27923240171367,10.27923240171367,0.0,False
8379,dow_cos,1.0,0.9,-0.09999999999999998,1405.7207675982863,1405.7207675982863,0.0,1416.0,10.27923240171367,10.27923240171367,0.0,False
8379,dow_cos,1.0,0.9333333333333333,-0.06666666666666665,1405.7207675982863,1405.7207675982863,0.0,1416.0,10.27923240171367,10.27923240171367,0.0,False
8379,dow_cos,1.0,0.9666666666666667,-0.033333333333333326,1405.7207675982863,1405.7207675982863,0.0,1416.0,10.27923240171367,10.27923240171367,0.0,False
8379,dow_cos,1.0,1.0,0.0,1405.7207675982863,1405.7207675982863,0.0,1416.0,10.27923240171367,10.27923240171367,0.0,False
8379,dow_cos,1.0,1.0333333333333332,0.033333333333333215,1405.7207675982863,1405.7207675982863,0.0,1416.0,10.27923240171367,10.27923240171367,0.0,False
8379,dow_cos,1.0,1.0666666666666667,0.06666666666666665,1405.7207675982863,1405.7207675982863,0.0,1416.0,10.27923240171367,10.27923240171367,0.0,False
8379,dow_cos,1.0,1.1,0.10000000000000009,1405.7207675982863,1405.7207675982863,0.0,1416.0,10.27923240171367,10.27923240171367,0.0,False
8379,month_sin,-0.4999999999999997,-0.5999999999999998,-0.10000000000000003,1405.7207675982863,1405.7207675982863,0.0,1416.0,10.27923240171367,10.27923240171367,0.0,False
8379,month_sin,-0.4999999999999997,-0.5666666666666664,-0.06666666666666671,1405.7207675982863,1405.7207675982863,0.0,1416.0,10.27923240171367,10.27923240171367,0.0,False
8379,month_sin,-0.4999999999999997,-0.5333333333333331,-0.03333333333333338,1405.7207675982863,1405.7207675982863,0.0,1416.0,10.27923240171367,10.27923240171367,0.0,False
8379,month_sin,-0.4999999999999997,-0.4999999999999997,0.0,1405.7207675982863,1405.7207675982863,0.0,1416.0,10.27923240171367,10.27923240171367,0.0,False
8379,month_sin,-0.4999999999999997,-0.4666666666666664,0.033333333333333326,1405.7207675982863,1405.7207675982863,0.0,1416.0,10.27923240171367,10.27923240171367,0.0,False
8379,month_sin,-0.4999999999999997,-0.43333333333333307,0.06666666666666665,1405.7207675982863,1405.7207675982863,0.0,1416.0,10.27923240171367,10.27923240171367,0.0,False
8379,month_sin,-0.4999999999999997,-0.3999999999999997,0.10000000000000003,1405.7207675982863,1405.7207675982863,0.0,1416.0,10.27923240171367,10.27923240171367,0.0,False
8379,month_cos,-0.8660254037844388,-0.9660254037844388,-0.09999999999999998,1405.7207675982863,1405.7207675982863,0.0,1416.0,10.27923240171367,10.27923240171367,0.0,False
8379,month_cos,-0.8660254037844388,-0.9326920704511055,-0.06666666666666665,1405.7207675982863,1405.7207675982863,0.0,1416.0,10.27923240171367,10.27923240171367,0.0,False
8379,month_cos,-0.8660254037844388,-0.8993587371177721,-0.033333333333333326,1405.7207675982863,1405.7207675982863,0.0,1416.0,10.27923240171367,10.27923240171367,0.0,False
8379,month_cos,-0.8660254037844388,-0.8660254037844388,0.0,1405.7207675982863,1405.7207675982863,0.0,1416.0,10.27923240171367,10.27923240171367,0.0,False
8379,month_cos,-0.8660254037844388,-0.8326920704511055,0.033333333333333326,1405.7207675982863,1405.7207675982863,0.0,1416.0,10.27923240171367,10.27923240171367,0.0,False
8379,month_cos,-0.8660254037844388,-0.7993587371177722,0.06666666666666665,1405.7207675982863,1405.7207675982863,0.0,1416.0,10.27923240171367,10.27923240171367,0.0,False
8379,month_cos,-0.8660254037844388,-0.7660254037844388,0.09999999999999998,1405.7207675982863,1405.7207675982863,0.0,1416.0,10.27923240171367,10.27923240171367,0.0,False
