feature_name,original_value_mean,perturbed_value,value_change,value_change_pct,mean_prediction_change,mean_abs_prediction_change,mean_error_change,worsening_samples,improving_samples,worsening_ratio
Production,0.0530250808632483,-0.046974919136751704,-0.1,-188.58999964433818,-3.9748213493621734,3.9748213493621734,3.9748213493621734,1,0,1.0
Production,0.0530250808632483,-0.013641585803418378,-0.06666666666666668,-125.7266664295588,-3.9748213493621734,3.9748213493621734,3.9748213493621734,1,0,1.0
Production,0.0530250808632483,0.01969174752991496,-0.03333333333333334,-62.8633332147794,-18.82048903832424,18.82048903832424,18.82048903832424,1,0,1.0
Production,0.0530250808632483,0.0530250808632483,0.0,0.0,0.0,0.0,0.0,0,0,0.0
Production,0.0530250808632483,0.08635841419658163,0.03333333333333333,62.863333214779395,-2.4444989350436117,2.4444989350436117,2.4444989350436117,1,0,1.0
Production,0.0530250808632483,0.11969174752991496,0.06666666666666665,125.72666642955875,-4.8948546245487705,4.8948546245487705,4.8948546245487705,1,0,1.0
Production,0.0530250808632483,0.15302508086324831,0.1,188.58999964433818,-4.8948546245487705,4.8948546245487705,4.8948546245487705,1,0,1.0
Factory_Issue,0.0531171942702757,-0.04688280572972431,-0.1,-188.26295549969757,0.0,0.0,0.0,0,0,0.0
Factory_Issue,0.0531171942702757,-0.013549472396390982,-0.06666666666666668,-125.5086369997984,0.0,0.0,0.0,0,0,0.0
Factory_Issue,0.0531171942702757,0.019783860936942357,-0.03333333333333334,-62.7543184998992,0.0,0.0,0.0,0,0,0.0
Factory_Issue,0.0531171942702757,0.0531171942702757,0.0,0.0,0.0,0.0,0.0,0,0,0.0
Factory_Issue,0.0531171942702757,0.08645052760360902,0.033333333333333326,62.75431849989918,-1.5902567845932936,1.5902567845932936,1.5902567845932936,1,0,1.0
Factory_Issue,0.0531171942702757,0.11978386093694235,0.06666666666666665,125.50863699979836,-5.278559772014887,5.278559772014887,5.278559772014887,1,0,1.0
Factory_Issue,0.0531171942702757,0.1531171942702757,0.1,188.26295549969757,-5.278559772014887,5.278559772014887,5.278559772014887,1,0,1.0
Delivery,0.0285683426040935,-0.07143165739590651,-0.1,-350.0378059581006,-5.976095340075972,5.976095340075972,5.976095340075972,1,0,1.0
Delivery,0.0285683426040935,-0.03809832406257318,-0.06666666666666668,-233.35853730540043,-5.976095340075972,5.976095340075972,5.976095340075972,1,0,1.0
Delivery,0.0285683426040935,-0.004764990729239839,-0.03333333333333334,-116.67926865270022,-5.976095340075972,5.976095340075972,5.976095340075972,1,0,1.0
Delivery,0.0285683426040935,0.0285683426040935,0.0,0.0,0.0,0.0,0.0,0,0,0.0
Delivery,0.0285683426040935,0.06190167593742683,0.033333333333333326,116.67926865270017,-2.868772576689935,2.868772576689935,2.868772576689935,1,0,1.0
Delivery,0.0285683426040935,0.09523500927076015,0.06666666666666665,233.35853730540035,-2.868772576689935,2.868772576689935,2.868772576689935,1,0,1.0
Delivery,0.0285683426040935,0.1285683426040935,0.1,350.0378059581006,-2.868772576689935,2.868772576689935,2.868772576689935,1,0,1.0
Rainfall,0.0,-0.1,-0.1,-100000000000.0,0.0,0.0,0.0,0,0,0.0
Rainfall,0.0,-0.06666666666666668,-0.06666666666666668,-66666666666.66667,0.0,0.0,0.0,0,0,0.0
Rainfall,0.0,-0.03333333333333334,-0.03333333333333334,-33333333333.333336,0.0,0.0,0.0,0,0,0.0
Rainfall,0.0,0.0,0.0,0.0,0.0,0.0,0.0,0,0,0.0
Rainfall,0.0,0.033333333333333326,0.033333333333333326,33333333333.333324,0.0,0.0,0.0,0,0,0.0
Rainfall,0.0,0.06666666666666665,0.06666666666666665,66666666666.66665,0.0,0.0,0.0,0,0,0.0
Rainfall,0.0,0.1,0.1,100000000000.0,0.0,0.0,0.0,0,0,0.0
Sunshine,0.3714285714285714,0.27142857142857135,-0.10000000000000003,-26.923076915828414,1.6837793763638729,1.6837793763638729,-1.6837793763638729,0,1,0.0
Sunshine,0.3714285714285714,0.3047619047619047,-0.06666666666666671,-17.948717943885615,0.0,0.0,0.0,0,0,0.0
Sunshine,0.3714285714285714,0.33809523809523806,-0.033333333333333326,-8.9743589719428,0.0,0.0,0.0,0,0,0.0
Sunshine,0.3714285714285714,0.3714285714285714,0.0,0.0,0.0,0.0,0.0,0,0,0.0
Sunshine,0.3714285714285714,0.4047619047619047,0.033333333333333326,8.9743589719428,0.0,0.0,0.0,0,0,0.0
Sunshine,0.3714285714285714,0.43809523809523804,0.06666666666666665,17.9487179438856,-2.4806329544849177,2.4806329544849177,2.4806329544849177,1,0,1.0
Sunshine,0.3714285714285714,0.4714285714285714,0.10000000000000003,26.923076915828414,-4.882143257696271,4.882143257696271,4.882143257696271,1,0,1.0
Humidity,0.5238095238095237,0.42380952380952375,-0.09999999999999998,-19.090909087264464,4.768832281644791,4.768832281644791,-4.768832281644791,0,1,0.0
Humidity,0.5238095238095237,0.4571428571428571,-0.06666666666666665,-12.727272724842976,4.768832281644791,4.768832281644791,-4.768832281644791,0,1,0.0
Humidity,0.5238095238095237,0.4904761904761904,-0.033333333333333326,-6.363636362421488,4.03942874416407,4.03942874416407,-4.03942874416407,0,1,0.0
Humidity,0.5238095238095237,0.5238095238095237,0.0,0.0,0.0,0.0,0.0,0,0,0.0
Humidity,0.5238095238095237,0.557142857142857,0.033333333333333326,6.363636362421488,-0.08453996223261129,0.08453996223261129,0.08453996223261129,1,0,1.0
Humidity,0.5238095238095237,0.5904761904761904,0.06666666666666665,12.727272724842976,-2.214402201563189,2.214402201563189,2.214402201563189,1,0,1.0
Humidity,0.5238095238095237,0.6238095238095237,0.09999999999999998,19.090909087264464,-2.214402201563189,2.214402201563189,2.214402201563189,1,0,1.0
Temperature,0.9082125603864734,0.8082125603864734,-0.09999999999999998,-11.010638296659996,8.967039713440727,8.967039713440727,-8.967039713440727,0,1,0.0
Temperature,0.9082125603864734,0.8415458937198067,-0.06666666666666665,-7.340425531106664,1.216183885099099,1.216183885099099,-1.216183885099099,0,1,0.0
Temperature,0.9082125603864734,0.87487922705314,-0.033333333333333326,-3.670212765553332,0.0,0.0,0.0,0,0,0.0
Temperature,0.9082125603864734,0.9082125603864734,0.0,0.0,0.0,0.0,0.0,0,0,0.0
Temperature,0.9082125603864734,0.9415458937198067,0.033333333333333326,3.670212765553332,-2.4861517193617146,2.4861517193617146,2.4861517193617146,1,0,1.0
Temperature,0.9082125603864734,0.97487922705314,0.06666666666666665,7.340425531106664,-2.4861517193617146,2.4861517193617146,2.4861517193617146,1,0,1.0
Temperature,0.9082125603864734,1.0082125603864733,0.09999999999999998,11.010638296659996,-2.653675802027692,2.653675802027692,2.653675802027692,1,0,1.0
BDT_USD,0.823439344157709,0.723439344157709,-0.09999999999999998,-12.144185324317382,0.0,0.0,0.0,0,0,0.0
BDT_USD,0.823439344157709,0.7567726774910424,-0.06666666666666665,-8.09612354954492,0.0,0.0,0.0,0,0,0.0
BDT_USD,0.823439344157709,0.7901060108243757,-0.033333333333333326,-4.04806177477246,0.0,0.0,0.0,0,0,0.0
BDT_USD,0.823439344157709,0.823439344157709,0.0,0.0,0.0,0.0,0.0,0,0,0.0
BDT_USD,0.823439344157709,0.8567726774910424,0.033333333333333326,4.04806177477246,0.0,0.0,0.0,0,0,0.0
BDT_USD,0.823439344157709,0.8901060108243757,0.06666666666666665,8.09612354954492,0.0,0.0,0.0,0,0,0.0
BDT_USD,0.823439344157709,0.923439344157709,0.09999999999999998,12.144185324317382,0.0,0.0,0.0,0,0,0.0
Temperature_x_Humidity_causal,0.4757303887738669,0.3757303887738669,-0.10000000000000003,-21.020309473337765,0.0,0.0,0.0,0,0,0.0
Temperature_x_Humidity_causal,0.4757303887738669,0.4090637221072002,-0.06666666666666671,-14.013539648891845,0.0,0.0,0.0,0,0,0.0
Temperature_x_Humidity_causal,0.4757303887738669,0.4423970554405336,-0.033333333333333326,-7.006769824445917,0.0,0.0,0.0,0,0,0.0
Temperature_x_Humidity_causal,0.4757303887738669,0.4757303887738669,0.0,0.0,0.0,0.0,0.0,0,0,0.0
Temperature_x_Humidity_causal,0.4757303887738669,0.5090637221072003,0.03333333333333338,7.0067698244459296,-0.13774512505165148,0.13774512505165148,0.13774512505165148,1,0,1.0
Temperature_x_Humidity_causal,0.4757303887738669,0.5423970554405335,0.0666666666666666,14.013539648891824,-6.524458108551698,6.524458108551698,6.524458108551698,1,0,1.0
Temperature_x_Humidity_causal,0.4757303887738669,0.575730388773867,0.10000000000000003,21.020309473337765,-7.679662636098783,7.679662636098783,7.679662636098783,1,0,1.0
Humidity_x_Sunshine_causal,0.19455782312925166,0.09455782312925165,-0.1,-51.39860137218325,5.908318874712677,5.908318874712677,-5.908318874712677,0,1,0.0
Humidity_x_Sunshine_causal,0.19455782312925166,0.12789115646258498,-0.06666666666666668,-34.26573424812217,0.6089247097797852,0.6089247097797852,-0.6089247097797852,0,1,0.0
Humidity_x_Sunshine_causal,0.19455782312925166,0.1612244897959183,-0.033333333333333354,-17.132867124061093,0.30739969578735327,0.30739969578735327,-0.30739969578735327,0,1,0.0
Humidity_x_Sunshine_causal,0.19455782312925166,0.19455782312925166,0.0,0.0,0.0,0.0,0.0,0,0,0.0
Humidity_x_Sunshine_causal,0.19455782312925166,0.22789115646258498,0.033333333333333326,17.132867124061075,-3.953533521038935,3.953533521038935,3.953533521038935,1,0,1.0
Humidity_x_Sunshine_causal,0.19455782312925166,0.2612244897959183,0.06666666666666662,34.26573424812214,-14.512356598676433,14.512356598676433,14.512356598676433,1,0,1.0
Humidity_x_Sunshine_causal,0.19455782312925166,0.29455782312925166,0.1,51.39860137218325,-16.11145991258104,16.11145991258104,16.11145991258104,1,0,1.0
Temperature_x_Sunshine_causal,0.3373360938578329,0.2373360938578329,-0.1,-29.644026177791705,0.0,0.0,0.0,0,0,0.0
Temperature_x_Sunshine_causal,0.3373360938578329,0.27066942719116627,-0.06666666666666665,-19.762684118527794,0.0,0.0,0.0,0,0,0.0
Temperature_x_Sunshine_causal,0.3373360938578329,0.3040027605244996,-0.033333333333333326,-9.881342059263897,0.0,0.0,0.0,0,0,0.0
Temperature_x_Sunshine_causal,0.3373360938578329,0.3373360938578329,0.0,0.0,0.0,0.0,0.0,0,0,0.0
Temperature_x_Sunshine_causal,0.3373360938578329,0.37066942719116625,0.033333333333333326,9.881342059263897,-2.7382809193672983,2.7382809193672983,2.7382809193672983,1,0,1.0
Temperature_x_Sunshine_causal,0.3373360938578329,0.40400276052449957,0.06666666666666665,19.762684118527794,-2.7382809193672983,2.7382809193672983,2.7382809193672983,1,0,1.0
Temperature_x_Sunshine_causal,0.3373360938578329,0.4373360938578329,0.09999999999999998,29.644026177791694,-2.7382809193672983,2.7382809193672983,2.7382809193672983,1,0,1.0
Factory_Issue_x_Delivery_causal,0.0015174702040814283,-0.09848252979591858,-0.1,-6589.914789833933,0.0,0.0,0.0,0,0,0.0
Factory_Issue_x_Delivery_causal,0.0015174702040814283,-0.06514919646258525,-0.06666666666666668,-4393.276526555956,0.0,0.0,0.0,0,0,0.0
Factory_Issue_x_Delivery_causal,0.0015174702040814283,-0.031815863129251915,-0.03333333333333334,-2196.638263277978,0.0,0.0,0.0,0,0,0.0
Factory_Issue_x_Delivery_causal,0.0015174702040814283,0.0015174702040814283,0.0,0.0,0.0,0.0,0.0,0,0,0.0
Factory_Issue_x_Delivery_causal,0.0015174702040814283,0.03485080353741475,0.033333333333333326,2196.638263277977,54.09277948548015,54.09277948548015,33.53431468205281,1,0,1.0
Factory_Issue_x_Delivery_causal,0.0015174702040814283,0.06818413687074808,0.06666666666666665,4393.276526555954,51.92649878307543,51.92649878307543,31.36803397964809,1,0,1.0
Factory_Issue_x_Delivery_causal,0.0015174702040814283,0.10151747020408143,0.1,6589.914789833933,51.93413497925735,51.93413497925735,31.37567017583001,1,0,1.0
Factory_Issue_x_Production_causal,0.0028165435214102382,-0.09718345647858977,-0.1,-3550.4509583959575,8.378973146811404,8.378973146811404,-8.378973146811404,0,1,0.0
Factory_Issue_x_Production_causal,0.0028165435214102382,-0.06385012314525644,-0.06666666666666668,-2366.967305597305,8.378973146811404,8.378973146811404,-8.378973146811404,0,1,0.0
Factory_Issue_x_Production_causal,0.0028165435214102382,-0.0305167898119231,-0.03333333333333334,-1183.4836527986524,8.378973146811404,8.378973146811404,-8.378973146811404,0,1,0.0
Factory_Issue_x_Production_causal,0.0028165435214102382,0.0028165435214102382,0.0,0.0,0.0,0.0,0.0,0,0,0.0
Factory_Issue_x_Production_causal,0.0028165435214102382,0.036149876854743565,0.033333333333333326,1183.4836527986522,-3.108667688572041,3.108667688572041,3.108667688572041,1,0,1.0
Factory_Issue_x_Production_causal,0.0028165435214102382,0.06948321018807689,0.06666666666666665,2366.9673055973044,-6.297858802456176,6.297858802456176,6.297858802456176,1,0,1.0
Factory_Issue_x_Production_causal,0.0028165435214102382,0.10281654352141024,0.1,3550.4509583959575,-9.785244169468115,9.785244169468115,9.785244169468115,1,0,1.0
Delivery_x_Production_causal,0.0015148386767110395,-0.09848516132328897,-0.1,-6601.362569891181,11.201450103556908,11.201450103556908,-9.357014699870433,0,1,0.0
Delivery_x_Production_causal,0.0015148386767110395,-0.06515182798995564,-0.06666666666666668,-4400.908379927454,11.201450103556908,11.201450103556908,-9.357014699870433,0,1,0.0
Delivery_x_Production_causal,0.0015148386767110395,-0.0318184946566223,-0.03333333333333334,-2200.454189963727,11.201450103556908,11.201450103556908,-9.357014699870433,0,1,0.0
Delivery_x_Production_causal,0.0015148386767110395,0.0015148386767110395,0.0,0.0,0.0,0.0,0.0,0,0,0.0
Delivery_x_Production_causal,0.0015148386767110395,0.034848172010044365,0.033333333333333326,2200.4541899637265,-13.398948029009716,13.398948029009716,13.398948029009716,1,0,1.0
Delivery_x_Production_causal,0.0015148386767110395,0.06818150534337769,0.06666666666666665,4400.908379927453,-13.993044216913859,13.993044216913859,13.993044216913859,1,0,1.0
Delivery_x_Production_causal,0.0015148386767110395,0.10151483867671104,0.1,6601.362569891181,-13.993044216913859,13.993044216913859,13.993044216913859,1,0,1.0
Rainfall_x_Sunshine_causal,0.0,-0.1,-0.1,-100000000000.0,0.0,0.0,0.0,0,0,0.0
Rainfall_x_Sunshine_causal,0.0,-0.06666666666666668,-0.06666666666666668,-66666666666.66667,0.0,0.0,0.0,0,0,0.0
Rainfall_x_Sunshine_causal,0.0,-0.03333333333333334,-0.03333333333333334,-33333333333.333336,0.0,0.0,0.0,0,0,0.0
Rainfall_x_Sunshine_causal,0.0,0.0,0.0,0.0,0.0,0.0,0.0,0,0,0.0
Rainfall_x_Sunshine_causal,0.0,0.033333333333333326,0.033333333333333326,33333333333.333324,0.0,0.0,0.0,0,0,0.0
Rainfall_x_Sunshine_causal,0.0,0.06666666666666665,0.06666666666666665,66666666666.66665,0.0,0.0,0.0,0,0,0.0
Rainfall_x_Sunshine_causal,0.0,0.1,0.1,100000000000.0,0.0,0.0,0.0,0,0,0.0
Rainfall_x_BDT_USD_causal,0.0,-0.1,-0.1,-100000000000.0,0.0,0.0,0.0,0,0,0.0
Rainfall_x_BDT_USD_causal,0.0,-0.06666666666666668,-0.06666666666666668,-66666666666.66667,0.0,0.0,0.0,0,0,0.0
Rainfall_x_BDT_USD_causal,0.0,-0.03333333333333334,-0.03333333333333334,-33333333333.333336,0.0,0.0,0.0,0,0,0.0
Rainfall_x_BDT_USD_causal,0.0,0.0,0.0,0.0,0.0,0.0,0.0,0,0,0.0
Rainfall_x_BDT_USD_causal,0.0,0.033333333333333326,0.033333333333333326,33333333333.333324,-9.900337472123283,9.900337472123283,9.900337472123283,1,0,1.0
Rainfall_x_BDT_USD_causal,0.0,0.06666666666666665,0.06666666666666665,66666666666.66665,-9.900337472123283,9.900337472123283,9.900337472123283,1,0,1.0
Rainfall_x_BDT_USD_causal,0.0,0.1,0.1,100000000000.0,-9.900337472123283,9.900337472123283,9.900337472123283,1,0,1.0
Delivery_weighted_to_Sales_lag1,-56.258838209863406,-56.35883820986341,-0.10000000000000142,0.17774984905864444,0.0,0.0,0.0,0,0,0.0
Delivery_weighted_to_Sales_lag1,-56.258838209863406,-56.325504876530076,-0.06666666666666998,0.11849989937243383,0.0,0.0,0.0,0,0,0.0
Delivery_weighted_to_Sales_lag1,-56.258838209863406,-56.29217154319674,-0.03333333333333144,0.0592499496862106,0.0,0.0,0.0,0,0,0.0
Delivery_weighted_to_Sales_lag1,-56.258838209863406,-56.258838209863406,0.0,-0.0,0.0,0.0,0.0,0,0,0.0
Delivery_weighted_to_Sales_lag1,-56.258838209863406,-56.225504876530074,0.03333333333333144,-0.0592499496862106,0.0,0.0,0.0,0,0,0.0
Delivery_weighted_to_Sales_lag1,-56.258838209863406,-56.192171543196736,0.06666666666666998,-0.11849989937243383,0.0,0.0,0.0,0,0,0.0
Delivery_weighted_to_Sales_lag1,-56.258838209863406,-56.158838209863404,0.10000000000000142,-0.17774984905864444,0.0,0.0,0.0,0,0,0.0
Rainfall_weighted_to_Sales_lag1,0.0,-0.1,-0.1,-100000000000.0,0.0,0.0,0.0,0,0,0.0
Rainfall_weighted_to_Sales_lag1,0.0,-0.06666666666666668,-0.06666666666666668,-66666666666.66667,0.0,0.0,0.0,0,0,0.0
Rainfall_weighted_to_Sales_lag1,0.0,-0.03333333333333334,-0.03333333333333334,-33333333333.333336,0.0,0.0,0.0,0,0,0.0
Rainfall_weighted_to_Sales_lag1,0.0,0.0,0.0,0.0,0.0,0.0,0.0,0,0,0.0
Rainfall_weighted_to_Sales_lag1,0.0,0.033333333333333326,0.033333333333333326,33333333333.333324,0.0,0.0,0.0,0,0,0.0
Rainfall_weighted_to_Sales_lag1,0.0,0.06666666666666665,0.06666666666666665,66666666666.66665,0.0,0.0,0.0,0,0,0.0
Rainfall_weighted_to_Sales_lag1,0.0,0.1,0.1,100000000000.0,0.0,0.0,0.0,0,0,0.0
Humidity_weighted_to_Sales_lag1,467.0555505733494,466.9555505733494,-0.10000000000002274,-0.021410729382670444,0.0,0.0,0.0,0,0,0.0
Humidity_weighted_to_Sales_lag1,467.0555505733494,466.98888390668276,-0.06666666666666288,-0.014273819588442904,0.0,0.0,0.0,0,0,0.0
Humidity_weighted_to_Sales_lag1,467.0555505733494,467.02221724001606,-0.03333333333335986,-0.007136909794227537,0.0,0.0,0.0,0,0,0.0
Humidity_weighted_to_Sales_lag1,467.0555505733494,467.0555505733494,0.0,0.0,0.0,0.0,0.0,0,0,0.0
Humidity_weighted_to_Sales_lag1,467.0555505733494,467.0888839066828,0.03333333333335986,0.007136909794227537,0.0,0.0,0.0,0,0,0.0
Humidity_weighted_to_Sales_lag1,467.0555505733494,467.1222172400161,0.06666666666666288,0.014273819588442904,0.0,0.0,0.0,0,0,0.0
Humidity_weighted_to_Sales_lag1,467.0555505733494,467.15555057334944,0.10000000000002274,0.021410729382670444,0.0,0.0,0.0,0,0,0.0
Sunshine_weighted_to_Sales_lag1,216.21455070301218,216.11455070301218,-0.09999999999999432,-0.0462503562664041,0.0,0.0,0.0,0,0,0.0
Sunshine_weighted_to_Sales_lag1,216.21455070301218,216.14788403634552,-0.06666666666666288,-0.030833570844269402,0.0,0.0,0.0,0,0,0.0
Sunshine_weighted_to_Sales_lag1,216.21455070301218,216.18121736967885,-0.03333333333333144,-0.015416785422134701,0.0,0.0,0.0,0,0,0.0
Sunshine_weighted_to_Sales_lag1,216.21455070301218,216.21455070301218,0.0,0.0,0.0,0.0,0.0,0,0,0.0
Sunshine_weighted_to_Sales_lag1,216.21455070301218,216.2478840363455,0.03333333333333144,0.015416785422134701,0.0,0.0,0.0,0,0,0.0
Sunshine_weighted_to_Sales_lag1,216.21455070301218,216.28121736967884,0.06666666666666288,0.030833570844269402,0.0,0.0,0.0,0,0,0.0
Sunshine_weighted_to_Sales_lag1,216.21455070301218,216.31455070301217,0.09999999999999432,0.0462503562664041,0.0,0.0,0.0,0,0,0.0
BDT_USD_weighted_to_Sales_lag1,-355.6702249738125,-355.7702249738125,-0.10000000000002274,0.028115932394232247,0.0,0.0,0.0,0,0,0.0
BDT_USD_weighted_to_Sales_lag1,-355.6702249738125,-355.73689164047914,-0.06666666666666288,0.018743954929482838,0.0,0.0,0.0,0,0,0.0
BDT_USD_weighted_to_Sales_lag1,-355.6702249738125,-355.70355830714584,-0.03333333333335986,0.00937197746474941,0.0,0.0,0.0,0,0,0.0
BDT_USD_weighted_to_Sales_lag1,-355.6702249738125,-355.6702249738125,0.0,-0.0,0.0,0.0,0.0,0,0,0.0
BDT_USD_weighted_to_Sales_lag1,-355.6702249738125,-355.6368916404791,0.03333333333335986,-0.00937197746474941,0.0,0.0,0.0,0,0,0.0
BDT_USD_weighted_to_Sales_lag1,-355.6702249738125,-355.6035583071458,0.06666666666666288,-0.018743954929482838,0.0,0.0,0.0,0,0,0.0
BDT_USD_weighted_to_Sales_lag1,-355.6702249738125,-355.57022497381246,0.10000000000002274,-0.028115932394232247,0.0,0.0,0.0,0,0,0.0
Temperature_weighted_to_Sales_lag1,351.91144018825173,351.8114401882517,-0.10000000000002274,-0.02841624016158732,0.0,0.0,0.0,0,0,0.0
Temperature_weighted_to_Sales_lag1,351.91144018825173,351.84477352158507,-0.06666666666666288,-0.018944160107719495,0.0,0.0,0.0,0,0,0.0
Temperature_weighted_to_Sales_lag1,351.91144018825173,351.87810685491837,-0.03333333333335986,-0.009472080053867824,0.0,0.0,0.0,0,0,0.0
Temperature_weighted_to_Sales_lag1,351.91144018825173,351.91144018825173,0.0,0.0,0.0,0.0,0.0,0,0,0.0
Temperature_weighted_to_Sales_lag1,351.91144018825173,351.9447735215851,0.03333333333335986,0.009472080053867824,0.0,0.0,0.0,0,0,0.0
Temperature_weighted_to_Sales_lag1,351.91144018825173,351.9781068549184,0.06666666666666288,0.018944160107719495,0.0,0.0,0.0,0,0,0.0
Temperature_weighted_to_Sales_lag1,351.91144018825173,352.01144018825175,0.10000000000002274,0.02841624016158732,0.0,0.0,0.0,0,0,0.0
Production_weighted_to_Sales_lag1,2.6430796393174267,2.5430796393174266,-0.10000000000000009,-3.783465261835302,0.0,0.0,0.0,0,0,0.0
Production_weighted_to_Sales_lag1,2.6430796393174267,2.57641297265076,-0.06666666666666687,-2.5223101745568735,0.0,0.0,0.0,0,0,0.0
Production_weighted_to_Sales_lag1,2.6430796393174267,2.6097463059840935,-0.033333333333333215,-1.2611550872784283,0.0,0.0,0.0,0,0,0.0
Production_weighted_to_Sales_lag1,2.6430796393174267,2.6430796393174267,0.0,0.0,0.0,0.0,0.0,0,0,0.0
Production_weighted_to_Sales_lag1,2.6430796393174267,2.67641297265076,0.033333333333333215,1.2611550872784283,-0.7503656204705749,0.7503656204705749,0.7503656204705749,1,0,1.0
Production_weighted_to_Sales_lag1,2.6430796393174267,2.709746305984093,0.06666666666666643,2.5223101745568566,-0.7503656204705749,0.7503656204705749,0.7503656204705749,1,0,1.0
Production_weighted_to_Sales_lag1,2.6430796393174267,2.743079639317427,0.10000000000000009,3.783465261835302,-0.7503656204705749,0.7503656204705749,0.7503656204705749,1,0,1.0
Factory_Issue_weighted_to_Sales_lag1,0.18115313750355722,0.08115313750355721,-0.1,-55.201914426038826,1.836250081934395,1.836250081934395,-1.836250081934395,0,1,0.0
Factory_Issue_weighted_to_Sales_lag1,0.18115313750355722,0.11448647083689054,-0.06666666666666668,-36.80127628402589,1.836250081934395,1.836250081934395,-1.836250081934395,0,1,0.0
Factory_Issue_weighted_to_Sales_lag1,0.18115313750355722,0.1478198041702239,-0.033333333333333326,-18.400638142012934,1.836250081934395,1.836250081934395,-1.836250081934395,0,1,0.0
Factory_Issue_weighted_to_Sales_lag1,0.18115313750355722,0.18115313750355722,0.0,0.0,0.0,0.0,0.0,0,0,0.0
Factory_Issue_weighted_to_Sales_lag1,0.18115313750355722,0.21448647083689054,0.033333333333333326,18.400638142012934,-0.15054845416034368,0.15054845416034368,0.15054845416034368,1,0,1.0
Factory_Issue_weighted_to_Sales_lag1,0.18115313750355722,0.24781980417022387,0.06666666666666665,36.80127628402587,-0.8823454008652334,0.8823454008652334,0.8823454008652334,1,0,1.0
Factory_Issue_weighted_to_Sales_lag1,0.18115313750355722,0.2811531375035572,0.09999999999999998,55.2019144260388,-0.9794509232451674,0.9794509232451674,0.9794509232451674,1,0,1.0
Temperature_weighted_to_Humidity_lag0,-0.9124798039019891,-1.012479803901989,-0.09999999999999998,10.959146666406689,0.2893192507940512,0.2893192507940512,-0.2893192507940512,0,1,0.0
Temperature_weighted_to_Humidity_lag0,-0.9124798039019891,-0.9791464705686558,-0.06666666666666665,7.306097777604458,0.15567292898049345,0.15567292898049345,-0.15567292898049345,0,1,0.0
Temperature_weighted_to_Humidity_lag0,-0.9124798039019891,-0.9458131372353225,-0.033333333333333326,3.653048888802229,0.15567292898049345,0.15567292898049345,-0.15567292898049345,0,1,0.0
Temperature_weighted_to_Humidity_lag0,-0.9124798039019891,-0.9124798039019891,0.0,-0.0,0.0,0.0,0.0,0,0,0.0
Temperature_weighted_to_Humidity_lag0,-0.9124798039019891,-0.8791464705686558,0.033333333333333326,-3.653048888802229,9.913065427595711,9.913065427595711,-9.913065427595711,0,1,0.0
Temperature_weighted_to_Humidity_lag0,-0.9124798039019891,-0.8458131372353225,0.06666666666666665,-7.306097777604458,10.352106669389059,10.352106669389059,-10.206358134038283,0,1,0.0
Temperature_weighted_to_Humidity_lag0,-0.9124798039019891,-0.8124798039019892,0.09999999999999998,-10.959146666406689,11.533411826678275,11.533411826678275,-9.025052976749066,0,1,0.0
Temperature_weighted_to_Humidity_lag1,0.9117500373163306,0.8117500373163307,-0.09999999999999998,-10.967918387299957,10.24234011064118,10.24234011064118,-10.24234011064118,0,1,0.0
Temperature_weighted_to_Humidity_lag1,0.9117500373163306,0.845083370649664,-0.06666666666666665,-7.311945591533306,3.1199129464944235,3.1199129464944235,-3.1199129464944235,0,1,0.0
Temperature_weighted_to_Humidity_lag1,0.9117500373163306,0.8784167039829973,-0.033333333333333326,-3.655972795766653,0.0,0.0,0.0,0,0,0.0
Temperature_weighted_to_Humidity_lag1,0.9117500373163306,0.9117500373163306,0.0,0.0,0.0,0.0,0.0,0,0,0.0
Temperature_weighted_to_Humidity_lag1,0.9117500373163306,0.945083370649664,0.033333333333333326,3.655972795766653,0.0,0.0,0.0,0,0,0.0
Temperature_weighted_to_Humidity_lag1,0.9117500373163306,0.9784167039829973,0.06666666666666665,7.311945591533306,0.0,0.0,0.0,0,0,0.0
Temperature_weighted_to_Humidity_lag1,0.9117500373163306,1.0117500373163306,0.09999999999999998,10.967918387299957,-1.177714249221026,1.177714249221026,1.177714249221026,1,0,1.0
Humidity_weighted_to_Sunshine_lag0,-0.4793733797204675,-0.5793733797204675,-0.10000000000000003,20.860565949484442,-13.614595515750807,13.614595515750807,13.614595515750807,1,0,1.0
Humidity_weighted_to_Sunshine_lag0,-0.4793733797204675,-0.5460400463871342,-0.06666666666666671,13.907043966322966,-13.551770806521063,13.551770806521063,13.551770806521063,1,0,1.0
Humidity_weighted_to_Sunshine_lag0,-0.4793733797204675,-0.5127067130538009,-0.03333333333333338,6.9535219831614885,-13.551770806521063,13.551770806521063,13.551770806521063,1,0,1.0
Humidity_weighted_to_Sunshine_lag0,-0.4793733797204675,-0.4793733797204675,0.0,-0.0,0.0,0.0,0.0,0,0,0.0
Humidity_weighted_to_Sunshine_lag0,-0.4793733797204675,-0.4460400463871342,0.033333333333333326,-6.953521983161477,1.1480335842350087,1.1480335842350087,-1.1480335842350087,0,1,0.0
Humidity_weighted_to_Sunshine_lag0,-0.4793733797204675,-0.41270671305380086,0.06666666666666665,-13.907043966322954,14.3862325457103,14.3862325457103,-6.172232257717042,0,1,0.0
Humidity_weighted_to_Sunshine_lag0,-0.4793733797204675,-0.3793733797204675,0.10000000000000003,-20.860565949484442,14.3862325457103,14.3862325457103,-6.172232257717042,0,1,0.0
Humidity_weighted_to_Sunshine_lag1,0.47927896074266524,0.3792789607426652,-0.10000000000000003,-20.864675516776423,34.0979502419782,34.0979502419782,13.539485438550855,1,0,1.0
Humidity_weighted_to_Sunshine_lag1,0.47927896074266524,0.41261229407599853,-0.06666666666666671,-13.909783677850951,34.03476458204841,34.03476458204841,13.476299778621069,1,0,1.0
Humidity_weighted_to_Sunshine_lag1,0.47927896074266524,0.4459456274093319,-0.033333333333333326,-6.9548918389254695,4.535391516577647,4.535391516577647,-4.535391516577647,0,1,0.0
Humidity_weighted_to_Sunshine_lag1,0.47927896074266524,0.47927896074266524,0.0,0.0,0.0,0.0,0.0,0,0,0.0
Humidity_weighted_to_Sunshine_lag1,0.47927896074266524,0.5126122940759985,0.03333333333333327,6.954891838925459,-3.9199865158793727,3.9199865158793727,3.9199865158793727,1,0,1.0
Humidity_weighted_to_Sunshine_lag1,0.47927896074266524,0.545945627409332,0.06666666666666671,13.909783677850951,-12.27620031217566,12.27620031217566,12.27620031217566,1,0,1.0
Humidity_weighted_to_Sunshine_lag1,0.47927896074266524,0.5792789607426653,0.10000000000000003,20.864675516776423,-11.814809179637678,11.814809179637678,11.814809179637678,1,0,1.0
Temperature_weighted_to_Sunshine_lag0,0.7348022014291014,0.6348022014291014,-0.09999999999999998,-13.609104571529995,4.95200570084603,4.95200570084603,-4.95200570084603,0,1,0.0
Temperature_weighted_to_Sunshine_lag0,0.7348022014291014,0.6681355347624347,-0.06666666666666665,-9.072736381019997,3.5091987112432435,3.5091987112432435,-3.5091987112432435,0,1,0.0
Temperature_weighted_to_Sunshine_lag0,0.7348022014291014,0.701468868095768,-0.033333333333333326,-4.536368190509998,0.0,0.0,0.0,0,0,0.0
Temperature_weighted_to_Sunshine_lag0,0.7348022014291014,0.7348022014291014,0.0,0.0,0.0,0.0,0.0,0,0,0.0
Temperature_weighted_to_Sunshine_lag0,0.7348022014291014,0.7681355347624347,0.033333333333333326,4.536368190509998,-2.026383337887637,2.026383337887637,2.026383337887637,1,0,1.0
Temperature_weighted_to_Sunshine_lag0,0.7348022014291014,0.801468868095768,0.06666666666666665,9.072736381019997,-2.026383337887637,2.026383337887637,2.026383337887637,1,0,1.0
Temperature_weighted_to_Sunshine_lag0,0.7348022014291014,0.8348022014291013,0.09999999999999998,13.609104571529995,-1.9727688140642385,1.9727688140642385,1.9727688140642385,1,0,1.0
Temperature_weighted_to_Sunshine_lag1,-0.7272666315935952,-0.8272666315935951,-0.09999999999999998,13.750115249290198,-1.2038316746588862,1.2038316746588862,1.2038316746588862,1,0,1.0
Temperature_weighted_to_Sunshine_lag1,-0.7272666315935952,-0.7939332982602618,-0.06666666666666665,9.166743499526799,0.0,0.0,0.0,0,0,0.0
Temperature_weighted_to_Sunshine_lag1,-0.7272666315935952,-0.7605999649269285,-0.033333333333333326,4.5833717497633994,0.0,0.0,0.0,0,0,0.0
Temperature_weighted_to_Sunshine_lag1,-0.7272666315935952,-0.7272666315935952,0.0,-0.0,0.0,0.0,0.0,0,0,0.0
Temperature_weighted_to_Sunshine_lag1,-0.7272666315935952,-0.6939332982602618,0.033333333333333326,-4.5833717497633994,0.0,0.0,0.0,0,0,0.0
Temperature_weighted_to_Sunshine_lag1,-0.7272666315935952,-0.6605999649269285,0.06666666666666665,-9.166743499526799,0.0,0.0,0.0,0,0,0.0
Temperature_weighted_to_Sunshine_lag1,-0.7272666315935952,-0.6272666315935952,0.09999999999999998,-13.750115249290198,0.031927364067769304,0.031927364067769304,-0.031927364067769304,0,1,0.0
Factory_Issue_weighted_to_Delivery_lag0,0.03977947116822379,-0.06022052883177621,-0.1,-251.38594559420633,0.6987003431404446,0.6987003431404446,-0.6987003431404446,0,1,0.0
Factory_Issue_weighted_to_Delivery_lag0,0.03977947116822379,-0.026887195498442887,-0.06666666666666668,-167.59063039613758,0.6987003431404446,0.6987003431404446,-0.6987003431404446,0,1,0.0
Factory_Issue_weighted_to_Delivery_lag0,0.03977947116822379,0.006446137834890453,-0.03333333333333334,-83.79531519806879,0.6987003431404446,0.6987003431404446,-0.6987003431404446,0,1,0.0
Factory_Issue_weighted_to_Delivery_lag0,0.03977947116822379,0.03977947116822379,0.0,0.0,0.0,0.0,0.0,0,0,0.0
Factory_Issue_weighted_to_Delivery_lag0,0.03977947116822379,0.07311280450155712,0.033333333333333326,83.79531519806875,-1.6423389352255526,1.6423389352255526,1.6423389352255526,1,0,1.0
Factory_Issue_weighted_to_Delivery_lag0,0.03977947116822379,0.10644613783489044,0.06666666666666665,167.5906303961375,-2.0307463714516416,2.0307463714516416,2.0307463714516416,1,0,1.0
Factory_Issue_weighted_to_Delivery_lag0,0.03977947116822379,0.1397794711682238,0.10000000000000002,251.38594559420636,5.209277286586712,5.209277286586712,-5.209277286586712,0,1,0.0
Factory_Issue_weighted_to_Production_lag0,0.032262998096699295,-0.0677370019033007,-0.1,-309.95259458009895,-3.8553376790428047,3.8553376790428047,3.8553376790428047,1,0,1.0
Factory_Issue_weighted_to_Production_lag0,0.032262998096699295,-0.034403668569967384,-0.06666666666666668,-206.63506305339934,-3.8553376790428047,3.8553376790428047,3.8553376790428047,1,0,1.0
Factory_Issue_weighted_to_Production_lag0,0.032262998096699295,-0.0010703352366340443,-0.03333333333333334,-103.31753152669967,-3.8553376790428047,3.8553376790428047,3.8553376790428047,1,0,1.0
Factory_Issue_weighted_to_Production_lag0,0.032262998096699295,0.032262998096699295,0.0,0.0,0.0,0.0,0.0,0,0,0.0
Factory_Issue_weighted_to_Production_lag0,0.032262998096699295,0.06559633143003263,0.03333333333333333,103.31753152669964,1.7056508483333346,1.7056508483333346,-1.7056508483333346,0,1,0.0
Factory_Issue_weighted_to_Production_lag0,0.032262998096699295,0.09892966476336595,0.06666666666666665,206.63506305339925,1.7056508483333346,1.7056508483333346,-1.7056508483333346,0,1,0.0
Factory_Issue_weighted_to_Production_lag0,0.032262998096699295,0.1322629980966993,0.1,309.95259458009895,-9.014452564897738,9.014452564897738,9.014452564897738,1,0,1.0
Delivery_weighted_to_Production_lag0,0.00889743048759855,-0.09110256951240145,-0.1,-1123.9199790935418,-5.201397784076562,5.201397784076562,5.201397784076562,1,0,1.0
Delivery_weighted_to_Production_lag0,0.00889743048759855,-0.05776923617906813,-0.06666666666666668,-749.2799860623613,-5.201397784076562,5.201397784076562,5.201397784076562,1,0,1.0
Delivery_weighted_to_Production_lag0,0.00889743048759855,-0.02443590284573479,-0.03333333333333334,-374.63999303118067,-5.201397784076562,5.201397784076562,5.201397784076562,1,0,1.0
Delivery_weighted_to_Production_lag0,0.00889743048759855,0.00889743048759855,0.0,0.0,0.0,0.0,0.0,0,0,0.0
Delivery_weighted_to_Production_lag0,0.00889743048759855,0.042230763820931876,0.033333333333333326,374.6399930311805,-2.836633791554732,2.836633791554732,2.836633791554732,1,0,1.0
Delivery_weighted_to_Production_lag0,0.00889743048759855,0.07556409715426521,0.06666666666666665,749.279986062361,3.9163238097905833,3.9163238097905833,-3.9163238097905833,0,1,0.0
Delivery_weighted_to_Production_lag0,0.00889743048759855,0.10889743048759856,0.1,1123.9199790935418,0.6271224034210263,0.6271224034210263,-0.6271224034210263,0,1,0.0
Rainfall_weighted_to_Sunshine_lag0,0.0,-0.1,-0.1,-100000000000.0,0.0,0.0,0.0,0,0,0.0
Rainfall_weighted_to_Sunshine_lag0,0.0,-0.06666666666666668,-0.06666666666666668,-66666666666.66667,0.0,0.0,0.0,0,0,0.0
Rainfall_weighted_to_Sunshine_lag0,0.0,-0.03333333333333334,-0.03333333333333334,-33333333333.333336,0.0,0.0,0.0,0,0,0.0
Rainfall_weighted_to_Sunshine_lag0,0.0,0.0,0.0,0.0,0.0,0.0,0.0,0,0,0.0
Rainfall_weighted_to_Sunshine_lag0,0.0,0.033333333333333326,0.033333333333333326,33333333333.333324,0.12269093668282949,0.12269093668282949,-0.12269093668282949,0,1,0.0
Rainfall_weighted_to_Sunshine_lag0,0.0,0.06666666666666665,0.06666666666666665,66666666666.66665,0.12269093668282949,0.12269093668282949,-0.12269093668282949,0,1,0.0
Rainfall_weighted_to_Sunshine_lag0,0.0,0.1,0.1,100000000000.0,-8.873126911777035,8.873126911777035,8.873126911777035,1,0,1.0
Rainfall_weighted_to_Sunshine_lag1,0.0,-0.1,-0.1,-100000000000.0,0.0,0.0,0.0,0,0,0.0
Rainfall_weighted_to_Sunshine_lag1,0.0,-0.06666666666666668,-0.06666666666666668,-66666666666.66667,0.0,0.0,0.0,0,0,0.0
Rainfall_weighted_to_Sunshine_lag1,0.0,-0.03333333333333334,-0.03333333333333334,-33333333333.333336,0.0,0.0,0.0,0,0,0.0
Rainfall_weighted_to_Sunshine_lag1,0.0,0.0,0.0,0.0,0.0,0.0,0.0,0,0,0.0
Rainfall_weighted_to_Sunshine_lag1,0.0,0.033333333333333326,0.033333333333333326,33333333333.333324,0.0,0.0,0.0,0,0,0.0
Rainfall_weighted_to_Sunshine_lag1,0.0,0.06666666666666665,0.06666666666666665,66666666666.66665,0.0,0.0,0.0,0,0,0.0
Rainfall_weighted_to_Sunshine_lag1,0.0,0.1,0.1,100000000000.0,0.0,0.0,0.0,0,0,0.0
Rainfall_weighted_to_BDT_USD_lag1,0.0,-0.1,-0.1,-100000000000.0,0.0,0.0,0.0,0,0,0.0
Rainfall_weighted_to_BDT_USD_lag1,0.0,-0.06666666666666668,-0.06666666666666668,-66666666666.66667,0.0,0.0,0.0,0,0,0.0
Rainfall_weighted_to_BDT_USD_lag1,0.0,-0.03333333333333334,-0.03333333333333334,-33333333333.333336,0.0,0.0,0.0,0,0,0.0
Rainfall_weighted_to_BDT_USD_lag1,0.0,0.0,0.0,0.0,0.0,0.0,0.0,0,0,0.0
Rainfall_weighted_to_BDT_USD_lag1,0.0,0.033333333333333326,0.033333333333333326,33333333333.333324,0.21240607616891793,0.21240607616891793,-0.21240607616891793,0,1,0.0
Rainfall_weighted_to_BDT_USD_lag1,0.0,0.06666666666666665,0.06666666666666665,66666666666.66665,0.21240607616891793,0.21240607616891793,-0.21240607616891793,0,1,0.0
Rainfall_weighted_to_BDT_USD_lag1,0.0,0.1,0.1,100000000000.0,0.21240607616891793,0.21240607616891793,-0.21240607616891793,0,1,0.0
Rainfall_weighted_to_BDT_USD_lag0,0.0,-0.1,-0.1,-100000000000.0,0.0,0.0,0.0,0,0,0.0
Rainfall_weighted_to_BDT_USD_lag0,0.0,-0.06666666666666668,-0.06666666666666668,-66666666666.66667,0.0,0.0,0.0,0,0,0.0
Rainfall_weighted_to_BDT_USD_lag0,0.0,-0.03333333333333334,-0.03333333333333334,-33333333333.333336,0.0,0.0,0.0,0,0,0.0
Rainfall_weighted_to_BDT_USD_lag0,0.0,0.0,0.0,0.0,0.0,0.0,0.0,0,0,0.0
Rainfall_weighted_to_BDT_USD_lag0,0.0,0.033333333333333326,0.033333333333333326,33333333333.333324,0.0,0.0,0.0,0,0,0.0
Rainfall_weighted_to_BDT_USD_lag0,0.0,0.06666666666666665,0.06666666666666665,66666666666.66665,0.0,0.0,0.0,0,0,0.0
Rainfall_weighted_to_BDT_USD_lag0,0.0,0.1,0.1,100000000000.0,0.0,0.0,0.0,0,0,0.0
Sales_causal_weighted_sum,626.0767110577583,625.9767110577583,-0.10000000000002274,-0.015972483600461114,0.0,0.0,0.0,0,0,0.0
Sales_causal_weighted_sum,626.0767110577583,626.0100443910916,-0.06666666666671972,-0.010648322400313463,0.0,0.0,0.0,0,0,0.0
Sales_causal_weighted_sum,626.0767110577583,626.043377724425,-0.03333333333330302,-0.005324161200147652,0.0,0.0,0.0,0,0,0.0
Sales_causal_weighted_sum,626.0767110577583,626.0767110577583,0.0,0.0,0.0,0.0,0.0,0,0,0.0
Sales_causal_weighted_sum,626.0767110577583,626.1100443910916,0.03333333333330302,0.005324161200147652,0.0,0.0,0.0,0,0,0.0
Sales_causal_weighted_sum,626.0767110577583,626.143377724425,0.06666666666671972,0.010648322400313463,0.0,0.0,0.0,0,0,0.0
Sales_causal_weighted_sum,626.0767110577583,626.1767110577583,0.10000000000002274,0.015972483600461114,0.0,0.0,0.0,0,0,0.0
Temperature_to_Humidity_ratio_causal,1.7338603425559949,1.6338603425559948,-0.10000000000000009,-5.767477203314783,0.0,0.0,0.0,0,0,0.0
Temperature_to_Humidity_ratio_causal,1.7338603425559949,1.6671936758893282,-0.06666666666666665,-3.844984802209851,0.0,0.0,0.0,0,0,0.0
Temperature_to_Humidity_ratio_causal,1.7338603425559949,1.7005270092226614,-0.03333333333333344,-1.9224924011049318,0.0,0.0,0.0,0,0,0.0
Temperature_to_Humidity_ratio_causal,1.7338603425559949,1.7338603425559949,0.0,0.0,0.0,0.0,0.0,0,0,0.0
Temperature_to_Humidity_ratio_causal,1.7338603425559949,1.7671936758893283,0.03333333333333344,1.9224924011049318,0.0,0.0,0.0,0,0,0.0
Temperature_to_Humidity_ratio_causal,1.7338603425559949,1.8005270092226615,0.06666666666666665,3.844984802209851,0.0,0.0,0.0,0,0,0.0
Temperature_to_Humidity_ratio_causal,1.7338603425559949,1.833860342555995,0.10000000000000009,5.767477203314783,0.0,0.0,0.0,0,0,0.0
Humidity_to_Sunshine_ratio_causal,1.4102564102564101,1.31025641025641,-0.10000000000000009,-7.090909090406288,0.0,0.0,0.0,0,0,0.0
Humidity_to_Sunshine_ratio_causal,1.4102564102564101,1.3435897435897435,-0.06666666666666665,-4.72727272693752,0.0,0.0,0.0,0,0,0.0
Humidity_to_Sunshine_ratio_causal,1.4102564102564101,1.3769230769230767,-0.03333333333333344,-2.3636363634687676,0.0,0.0,0.0,0,0,0.0
Humidity_to_Sunshine_ratio_causal,1.4102564102564101,1.4102564102564101,0.0,0.0,0.0,0.0,0.0,0,0,0.0
Humidity_to_Sunshine_ratio_causal,1.4102564102564101,1.4435897435897433,0.033333333333333215,2.363636363468752,0.0,0.0,0.0,0,0,0.0
Humidity_to_Sunshine_ratio_causal,1.4102564102564101,1.4769230769230768,0.06666666666666665,4.72727272693752,1.0224494335068357,1.0224494335068357,-1.0224494335068357,0,1,0.0
Humidity_to_Sunshine_ratio_causal,1.4102564102564101,1.5102564102564102,0.10000000000000009,7.090909090406288,1.0224494335068357,1.0224494335068357,-1.0224494335068357,0,1,0.0
Temperature_to_Sunshine_ratio_causal,2.445187662578967,2.345187662578967,-0.10000000000000009,-4.089665653328191,0.0,0.0,0.0,0,0,0.0
Temperature_to_Sunshine_ratio_causal,2.445187662578967,2.3785209959123,-0.06666666666666687,-2.726443768885466,0.0,0.0,0.0,0,0,0.0
Temperature_to_Sunshine_ratio_causal,2.445187662578967,2.411854329245634,-0.033333333333333215,-1.3632218844427242,0.0,0.0,0.0,0,0,0.0
Temperature_to_Sunshine_ratio_causal,2.445187662578967,2.445187662578967,0.0,0.0,0.0,0.0,0.0,0,0,0.0
Temperature_to_Sunshine_ratio_causal,2.445187662578967,2.4785209959123002,0.033333333333333215,1.3632218844427242,0.0,0.0,0.0,0,0,0.0
Temperature_to_Sunshine_ratio_causal,2.445187662578967,2.511854329245634,0.06666666666666687,2.726443768885466,0.0,0.0,0.0,0,0,0.0
Temperature_to_Sunshine_ratio_causal,2.445187662578967,2.545187662578967,0.10000000000000009,4.089665653328191,0.0,0.0,0.0,0,0,0.0
Factory_Issue_to_Delivery_ratio_causal,1.8593026206100118,1.7593026206100117,-0.10000000000000009,-5.378360622210767,0.04653096766469389,0.04653096766469389,-0.04653096766469389,0,1,0.0
Factory_Issue_to_Delivery_ratio_causal,1.8593026206100118,1.7926359539433452,-0.06666666666666665,-3.5855737481405074,0.04653096766469389,0.04653096766469389,-0.04653096766469389,0,1,0.0
Factory_Issue_to_Delivery_ratio_causal,1.8593026206100118,1.8259692872766784,-0.03333333333333344,-1.7927868740702597,0.04653096766469389,0.04653096766469389,-0.04653096766469389,0,1,0.0
Factory_Issue_to_Delivery_ratio_causal,1.8593026206100118,1.8593026206100118,0.0,0.0,0.0,0.0,0.0,0,0,0.0
Factory_Issue_to_Delivery_ratio_causal,1.8593026206100118,1.892635953943345,0.033333333333333215,1.7927868740702477,0.0,0.0,0.0,0,0,0.0
Factory_Issue_to_Delivery_ratio_causal,1.8593026206100118,1.9259692872766785,0.06666666666666665,3.5855737481405074,0.0,0.0,0.0,0,0,0.0
Factory_Issue_to_Delivery_ratio_causal,1.8593026206100118,1.959302620610012,0.10000000000000009,5.378360622210767,0.0,0.0,0.0,0,0,0.0
Factory_Issue_to_Production_ratio_causal,1.0017371667431296,0.9017371667431296,-0.09999999999999998,-9.98265845672269,0.4858616495455408,0.4858616495455408,-0.4858616495455408,0,1,0.0
Factory_Issue_to_Production_ratio_causal,1.0017371667431296,0.935070500076463,-0.06666666666666665,-6.655105637815127,0.4858616495455408,0.4858616495455408,-0.4858616495455408,0,1,0.0
Factory_Issue_to_Production_ratio_causal,1.0017371667431296,0.9684038334097963,-0.033333333333333326,-3.3275528189075634,0.5995387807461157,0.5995387807461157,-0.5995387807461157,0,1,0.0
Factory_Issue_to_Production_ratio_causal,1.0017371667431296,1.0017371667431296,0.0,0.0,0.0,0.0,0.0,0,0,0.0
Factory_Issue_to_Production_ratio_causal,1.0017371667431296,1.035070500076463,0.03333333333333344,3.3275528189075745,-0.1536250301603559,0.1536250301603559,0.1536250301603559,1,0,1.0
Factory_Issue_to_Production_ratio_causal,1.0017371667431296,1.0684038334097963,0.06666666666666665,6.655105637815127,0.08970749881973461,0.08970749881973461,-0.08970749881973461,0,1,0.0
Factory_Issue_to_Production_ratio_causal,1.0017371667431296,1.1017371667431297,0.10000000000000009,9.982658456722703,0.13633752331543292,0.13633752331543292,-0.13633752331543292,0,1,0.0
Delivery_to_Production_ratio_causal,0.5387703731705995,0.4387703731705995,-0.09999999999999998,-18.56078302764703,0.0,0.0,0.0,0,0,0.0
Delivery_to_Production_ratio_causal,0.5387703731705995,0.47210370650393285,-0.06666666666666665,-12.373855351764686,0.0,0.0,0.0,0,0,0.0
Delivery_to_Production_ratio_causal,0.5387703731705995,0.5054370398372662,-0.033333333333333326,-6.186927675882343,0.0,0.0,0.0,0,0,0.0
Delivery_to_Production_ratio_causal,0.5387703731705995,0.5387703731705995,0.0,0.0,0.0,0.0,0.0,0,0,0.0
Delivery_to_Production_ratio_causal,0.5387703731705995,0.5721037065039328,0.033333333333333326,6.186927675882343,0.0,0.0,0.0,0,0,0.0
Delivery_to_Production_ratio_causal,0.5387703731705995,0.6054370398372662,0.06666666666666665,12.373855351764686,0.0,0.0,0.0,0,0,0.0
Delivery_to_Production_ratio_causal,0.5387703731705995,0.6387703731705995,0.09999999999999998,18.56078302764703,0.0,0.0,0.0,0,0,0.0
Rainfall_to_Sunshine_ratio_causal,0.0,-0.1,-0.1,-100000000000.0,0.0,0.0,0.0,0,0,0.0
Rainfall_to_Sunshine_ratio_causal,0.0,-0.06666666666666668,-0.06666666666666668,-66666666666.66667,0.0,0.0,0.0,0,0,0.0
Rainfall_to_Sunshine_ratio_causal,0.0,-0.03333333333333334,-0.03333333333333334,-33333333333.333336,0.0,0.0,0.0,0,0,0.0
Rainfall_to_Sunshine_ratio_causal,0.0,0.0,0.0,0.0,0.0,0.0,0.0,0,0,0.0
Rainfall_to_Sunshine_ratio_causal,0.0,0.033333333333333326,0.033333333333333326,33333333333.333324,-5.114702799181259,5.114702799181259,5.114702799181259,1,0,1.0
Rainfall_to_Sunshine_ratio_causal,0.0,0.06666666666666665,0.06666666666666665,66666666666.66665,-4.870792601527683,4.870792601527683,4.870792601527683,1,0,1.0
Rainfall_to_Sunshine_ratio_causal,0.0,0.1,0.1,100000000000.0,-4.870792601527683,4.870792601527683,4.870792601527683,1,0,1.0
Rainfall_to_BDT_USD_ratio_causal,0.0,-0.1,-0.1,-100000000000.0,0.0,0.0,0.0,0,0,0.0
Rainfall_to_BDT_USD_ratio_causal,0.0,-0.06666666666666668,-0.06666666666666668,-66666666666.66667,0.0,0.0,0.0,0,0,0.0
Rainfall_to_BDT_USD_ratio_causal,0.0,-0.03333333333333334,-0.03333333333333334,-33333333333.333336,0.0,0.0,0.0,0,0,0.0
Rainfall_to_BDT_USD_ratio_causal,0.0,0.0,0.0,0.0,0.0,0.0,0.0,0,0,0.0
Rainfall_to_BDT_USD_ratio_causal,0.0,0.033333333333333326,0.033333333333333326,33333333333.333324,0.16544954428695746,0.16544954428695746,-0.16544954428695746,0,1,0.0
Rainfall_to_BDT_USD_ratio_causal,0.0,0.06666666666666665,0.06666666666666665,66666666666.66665,0.16544954428695746,0.16544954428695746,-0.16544954428695746,0,1,0.0
Rainfall_to_BDT_USD_ratio_causal,0.0,0.1,0.1,100000000000.0,0.16544954428695746,0.16544954428695746,-0.16544954428695746,0,1,0.0
Delivery_lag1_x_Sales_causal,2.8294000108008093,2.729400010800809,-0.10000000000000009,-3.534318216396791,0.0,0.0,0.0,0,0,0.0
Delivery_lag1_x_Sales_causal,2.8294000108008093,2.7627333441341424,-0.06666666666666687,-2.3562121442645325,0.0,0.0,0.0,0,0,0.0
Delivery_lag1_x_Sales_causal,2.8294000108008093,2.796066677467476,-0.033333333333333215,-1.1781060721322585,0.0,0.0,0.0,0,0,0.0
Delivery_lag1_x_Sales_causal,2.8294000108008093,2.8294000108008093,0.0,0.0,0.0,0.0,0.0,0,0,0.0
Delivery_lag1_x_Sales_causal,2.8294000108008093,2.8627333441341425,0.033333333333333215,1.1781060721322585,0.0,0.0,0.0,0,0,0.0
Delivery_lag1_x_Sales_causal,2.8294000108008093,2.896066677467476,0.06666666666666687,2.3562121442645325,0.0,0.0,0.0,0,0,0.0
Delivery_lag1_x_Sales_causal,2.8294000108008093,2.9294000108008094,0.10000000000000009,3.534318216396791,0.0,0.0,0.0,0,0,0.0
Rainfall_lag1_x_Sales_causal,0.0,-0.1,-0.1,-100000000000.0,0.0,0.0,0.0,0,0,0.0
Rainfall_lag1_x_Sales_causal,0.0,-0.06666666666666668,-0.06666666666666668,-66666666666.66667,0.0,0.0,0.0,0,0,0.0
Rainfall_lag1_x_Sales_causal,0.0,-0.03333333333333334,-0.03333333333333334,-33333333333.333336,0.0,0.0,0.0,0,0,0.0
Rainfall_lag1_x_Sales_causal,0.0,0.0,0.0,0.0,0.0,0.0,0.0,0,0,0.0
Rainfall_lag1_x_Sales_causal,0.0,0.033333333333333326,0.033333333333333326,33333333333.333324,0.0,0.0,0.0,0,0,0.0
Rainfall_lag1_x_Sales_causal,0.0,0.06666666666666665,0.06666666666666665,66666666666.66665,0.0,0.0,0.0,0,0,0.0
Rainfall_lag1_x_Sales_causal,0.0,0.1,0.1,100000000000.0,0.0,0.0,0.0,0,0,0.0
Humidity_lag1_x_Sales_causal,741.7142857142856,741.6142857142855,-0.10000000000002274,-0.013482280431434223,0.0,0.0,0.0,0,0,0.0
Humidity_lag1_x_Sales_causal,741.7142857142856,741.6476190476188,-0.06666666666671972,-0.008988186954294592,0.0,0.0,0.0,0,0,0.0
Humidity_lag1_x_Sales_causal,741.7142857142856,741.6809523809522,-0.03333333333330302,-0.004494093477139632,0.0,0.0,0.0,0,0,0.0
Humidity_lag1_x_Sales_causal,741.7142857142856,741.7142857142856,0.0,0.0,0.0,0.0,0.0,0,0,0.0
Humidity_lag1_x_Sales_causal,741.7142857142856,741.7476190476189,0.03333333333330302,0.004494093477139632,0.0,0.0,0.0,0,0,0.0
Humidity_lag1_x_Sales_causal,741.7142857142856,741.7809523809523,0.06666666666671972,0.008988186954294592,0.0,0.0,0.0,0,0,0.0
Humidity_lag1_x_Sales_causal,741.7142857142856,741.8142857142856,0.10000000000002274,0.013482280431434223,0.0,0.0,0.0,0,0,0.0
Sunshine_lag1_x_Sales_causal,525.9428571428571,525.842857142857,-0.10000000000002274,-0.019013472403303623,0.0,0.0,0.0,0,0,0.0
Sunshine_lag1_x_Sales_causal,525.9428571428571,525.8761904761903,-0.06666666666671972,-0.012675648268876285,0.0,0.0,0.0,0,0,0.0
Sunshine_lag1_x_Sales_causal,525.9428571428571,525.9095238095238,-0.03333333333330302,-0.006337824134427334,0.0,0.0,0.0,0,0,0.0
Sunshine_lag1_x_Sales_causal,525.9428571428571,525.9428571428571,0.0,0.0,0.0,0.0,0.0,0,0,0.0
Sunshine_lag1_x_Sales_causal,525.9428571428571,525.9761904761904,0.03333333333330302,0.006337824134427334,0.0,0.0,0.0,0,0,0.0
Sunshine_lag1_x_Sales_causal,525.9428571428571,526.0095238095238,0.06666666666671972,0.012675648268876285,0.0,0.0,0.0,0,0,0.0
Sunshine_lag1_x_Sales_causal,525.9428571428571,526.0428571428571,0.10000000000002274,0.019013472403303623,0.0,0.0,0.0,0,0,0.0
BDT_USD_lag1_x_Sales_causal,1165.990111327316,1165.8901113273162,-0.09999999999990905,-0.008576402066228889,0.0,0.0,0.0,0,0,0.0
BDT_USD_lag1_x_Sales_causal,1165.990111327316,1165.9234446606495,-0.06666666666660603,-0.005717601377485926,0.0,0.0,0.0,0,0,0.0
BDT_USD_lag1_x_Sales_causal,1165.990111327316,1165.9567779939828,-0.03333333333330302,-0.002858800688742963,0.0,0.0,0.0,0,0,0.0
BDT_USD_lag1_x_Sales_causal,1165.990111327316,1165.990111327316,0.0,0.0,0.0,0.0,0.0,0,0,0.0
BDT_USD_lag1_x_Sales_causal,1165.990111327316,1166.0234446606494,0.03333333333330302,0.002858800688742963,0.0,0.0,0.0,0,0,0.0
BDT_USD_lag1_x_Sales_causal,1165.990111327316,1166.0567779939827,0.06666666666660603,0.005717601377485926,0.0,0.0,0.0,0,0,0.0
BDT_USD_lag1_x_Sales_causal,1165.990111327316,1166.090111327316,0.09999999999990905,0.008576402066228889,0.0,0.0,0.0,0,0,0.0
Temperature_lag1_x_Sales_causal,1286.0289855072463,1285.9289855072464,-0.09999999999990905,-0.007775874504139457,0.0,0.0,0.0,0,0,0.0
Temperature_lag1_x_Sales_causal,1286.0289855072463,1285.9623188405797,-0.06666666666660603,-0.005183916336092971,0.0,0.0,0.0,0,0,0.0
Temperature_lag1_x_Sales_causal,1286.0289855072463,1285.995652173913,-0.03333333333330302,-0.0025919581680464857,0.0,0.0,0.0,0,0,0.0
Temperature_lag1_x_Sales_causal,1286.0289855072463,1286.0289855072463,0.0,0.0,0.0,0.0,0.0,0,0,0.0
Temperature_lag1_x_Sales_causal,1286.0289855072463,1286.0623188405796,0.03333333333330302,0.0025919581680464857,0.0,0.0,0.0,0,0,0.0
Temperature_lag1_x_Sales_causal,1286.0289855072463,1286.0956521739129,0.06666666666660603,0.005183916336092971,0.0,0.0,0.0,0,0,0.0
Temperature_lag1_x_Sales_causal,1286.0289855072463,1286.1289855072462,0.09999999999990905,0.007775874504139457,0.0,0.0,0.0,0,0,0.0
Production_lag1_x_Sales_causal,0.0,-0.1,-0.1,-100000000000.0,0.0,0.0,0.0,0,0,0.0
Production_lag1_x_Sales_causal,0.0,-0.06666666666666668,-0.06666666666666668,-66666666666.66667,0.0,0.0,0.0,0,0,0.0
Production_lag1_x_Sales_causal,0.0,-0.03333333333333334,-0.03333333333333334,-33333333333.333336,0.0,0.0,0.0,0,0,0.0
Production_lag1_x_Sales_causal,0.0,0.0,0.0,0.0,0.0,0.0,0.0,0,0,0.0
Production_lag1_x_Sales_causal,0.0,0.033333333333333326,0.033333333333333326,33333333333.333324,0.0,0.0,0.0,0,0,0.0
Production_lag1_x_Sales_causal,0.0,0.06666666666666665,0.06666666666666665,66666666666.66665,0.0,0.0,0.0,0,0,0.0
Production_lag1_x_Sales_causal,0.0,0.1,0.1,100000000000.0,0.0,0.0,0.0,0,0,0.0
Factory_Issue_lag1_x_Sales_causal,0.3609114543507672,0.26091145435076724,-0.09999999999999998,-27.707627110970844,-0.6833896698558419,0.6833896698558419,0.6833896698558419,1,0,1.0
Factory_Issue_lag1_x_Sales_causal,0.3609114543507672,0.29424478768410056,-0.06666666666666665,-18.471751407313896,-0.6833896698558419,0.6833896698558419,0.6833896698558419,1,0,1.0
Factory_Issue_lag1_x_Sales_causal,0.3609114543507672,0.3275781210174339,-0.033333333333333326,-9.235875703656948,-0.6833896698558419,0.6833896698558419,0.6833896698558419,1,0,1.0
Factory_Issue_lag1_x_Sales_causal,0.3609114543507672,0.3609114543507672,0.0,0.0,0.0,0.0,0.0,0,0,0.0
Factory_Issue_lag1_x_Sales_causal,0.3609114543507672,0.39424478768410054,0.033333333333333326,9.235875703656948,0.0,0.0,0.0,0,0,0.0
Factory_Issue_lag1_x_Sales_causal,0.3609114543507672,0.42757812101743387,0.06666666666666665,18.471751407313896,0.0,0.0,0.0,0,0,0.0
Factory_Issue_lag1_x_Sales_causal,0.3609114543507672,0.4609114543507672,0.09999999999999998,27.707627110970844,0.0,0.0,0.0,0,0,0.0
Temperature_lag1_x_Humidity_causal,0.4757303887738669,0.3757303887738669,-0.10000000000000003,-21.020309473337765,5.450151635270686,5.450151635270686,-5.450151635270686,0,1,0.0
Temperature_lag1_x_Humidity_causal,0.4757303887738669,0.4090637221072002,-0.06666666666666671,-14.013539648891845,0.8627924596476078,0.8627924596476078,-0.8627924596476078,0,1,0.0
Temperature_lag1_x_Humidity_causal,0.4757303887738669,0.4423970554405336,-0.033333333333333326,-7.006769824445917,0.0,0.0,0.0,0,0,0.0
Temperature_lag1_x_Humidity_causal,0.4757303887738669,0.4757303887738669,0.0,0.0,0.0,0.0,0.0,0,0,0.0
Temperature_lag1_x_Humidity_causal,0.4757303887738669,0.5090637221072003,0.03333333333333338,7.0067698244459296,-0.988326307953912,0.988326307953912,0.988326307953912,1,0,1.0
Temperature_lag1_x_Humidity_causal,0.4757303887738669,0.5423970554405335,0.0666666666666666,14.013539648891824,-1.1938752248888704,1.1938752248888704,1.1938752248888704,1,0,1.0
Temperature_lag1_x_Humidity_causal,0.4757303887738669,0.575730388773867,0.10000000000000003,21.020309473337765,-10.173812213003202,10.173812213003202,10.173812213003202,1,0,1.0
Humidity_lag1_x_Sunshine_causal,0.19455782312925166,0.09455782312925165,-0.1,-51.39860137218325,8.451167314902477,8.451167314902477,-8.451167314902477,0,1,0.0
Humidity_lag1_x_Sunshine_causal,0.19455782312925166,0.12789115646258498,-0.06666666666666668,-34.26573424812217,3.11918367803446,3.11918367803446,-3.11918367803446,0,1,0.0
Humidity_lag1_x_Sunshine_causal,0.19455782312925166,0.1612244897959183,-0.033333333333333354,-17.132867124061093,-0.05848696140128595,0.05848696140128595,0.05848696140128595,1,0,1.0
Humidity_lag1_x_Sunshine_causal,0.19455782312925166,0.19455782312925166,0.0,0.0,0.0,0.0,0.0,0,0,0.0
Humidity_lag1_x_Sunshine_causal,0.19455782312925166,0.22789115646258498,0.033333333333333326,17.132867124061075,-21.713132820128067,21.713132820128067,21.713132820128067,1,0,1.0
Humidity_lag1_x_Sunshine_causal,0.19455782312925166,0.2612244897959183,0.06666666666666662,34.26573424812214,-30.907410385549383,30.907410385549383,30.907410385549383,1,0,1.0
Humidity_lag1_x_Sunshine_causal,0.19455782312925166,0.29455782312925166,0.1,51.39860137218325,-39.37404262162886,39.37404262162886,39.37404262162886,1,0,1.0
Temperature_lag1_x_Sunshine_causal,0.3373360938578329,0.2373360938578329,-0.1,-29.644026177791705,2.6481829520239444,2.6481829520239444,-2.6481829520239444,0,1,0.0
Temperature_lag1_x_Sunshine_causal,0.3373360938578329,0.27066942719116627,-0.06666666666666665,-19.762684118527794,0.0,0.0,0.0,0,0,0.0
Temperature_lag1_x_Sunshine_causal,0.3373360938578329,0.3040027605244996,-0.033333333333333326,-9.881342059263897,0.0,0.0,0.0,0,0,0.0
Temperature_lag1_x_Sunshine_causal,0.3373360938578329,0.3373360938578329,0.0,0.0,0.0,0.0,0.0,0,0,0.0
Temperature_lag1_x_Sunshine_causal,0.3373360938578329,0.37066942719116625,0.033333333333333326,9.881342059263897,0.0,0.0,0.0,0,0,0.0
Temperature_lag1_x_Sunshine_causal,0.3373360938578329,0.40400276052449957,0.06666666666666665,19.762684118527794,0.0,0.0,0.0,0,0,0.0
Temperature_lag1_x_Sunshine_causal,0.3373360938578329,0.4373360938578329,0.09999999999999998,29.644026177791694,-3.055607280514323,3.055607280514323,3.055607280514323,1,0,1.0
Rainfall_lag1_x_Sunshine_causal,0.0,-0.1,-0.1,-100000000000.0,0.0,0.0,0.0,0,0,0.0
Rainfall_lag1_x_Sunshine_causal,0.0,-0.06666666666666668,-0.06666666666666668,-66666666666.66667,0.0,0.0,0.0,0,0,0.0
Rainfall_lag1_x_Sunshine_causal,0.0,-0.03333333333333334,-0.03333333333333334,-33333333333.333336,0.0,0.0,0.0,0,0,0.0
Rainfall_lag1_x_Sunshine_causal,0.0,0.0,0.0,0.0,0.0,0.0,0.0,0,0,0.0
Rainfall_lag1_x_Sunshine_causal,0.0,0.033333333333333326,0.033333333333333326,33333333333.333324,0.0,0.0,0.0,0,0,0.0
Rainfall_lag1_x_Sunshine_causal,0.0,0.06666666666666665,0.06666666666666665,66666666666.66665,0.0,0.0,0.0,0,0,0.0
Rainfall_lag1_x_Sunshine_causal,0.0,0.1,0.1,100000000000.0,0.0,0.0,0.0,0,0,0.0
Rainfall_lag1_x_BDT_USD_causal,0.0,-0.1,-0.1,-100000000000.0,0.0,0.0,0.0,0,0,0.0
Rainfall_lag1_x_BDT_USD_causal,0.0,-0.06666666666666668,-0.06666666666666668,-66666666666.66667,0.0,0.0,0.0,0,0,0.0
Rainfall_lag1_x_BDT_USD_causal,0.0,-0.03333333333333334,-0.03333333333333334,-33333333333.333336,0.0,0.0,0.0,0,0,0.0
Rainfall_lag1_x_BDT_USD_causal,0.0,0.0,0.0,0.0,0.0,0.0,0.0,0,0,0.0
Rainfall_lag1_x_BDT_USD_causal,0.0,0.033333333333333326,0.033333333333333326,33333333333.333324,-3.6080735653845295,3.6080735653845295,3.6080735653845295,1,0,1.0
Rainfall_lag1_x_BDT_USD_causal,0.0,0.06666666666666665,0.06666666666666665,66666666666.66665,-3.876142808118402,3.876142808118402,3.876142808118402,1,0,1.0
Rainfall_lag1_x_BDT_USD_causal,0.0,0.1,0.1,100000000000.0,-3.876142808118402,3.876142808118402,3.876142808118402,1,0,1.0
dow,0.0,-0.1,-0.1,-100000000000.0,0.0,0.0,0.0,0,0,0.0
dow,0.0,-0.06666666666666668,-0.06666666666666668,-66666666666.66667,0.0,0.0,0.0,0,0,0.0
dow,0.0,-0.03333333333333334,-0.03333333333333334,-33333333333.333336,0.0,0.0,0.0,0,0,0.0
dow,0.0,0.0,0.0,0.0,0.0,0.0,0.0,0,0,0.0
dow,0.0,0.033333333333333326,0.033333333333333326,33333333333.333324,0.0,0.0,0.0,0,0,0.0
dow,0.0,0.06666666666666665,0.06666666666666665,66666666666.66665,0.0,0.0,0.0,0,0,0.0
dow,0.0,0.1,0.1,100000000000.0,0.0,0.0,0.0,0,0,0.0
is_weekend,0.0,-0.1,-0.1,-100000000000.0,0.0,0.0,0.0,0,0,0.0
is_weekend,0.0,-0.06666666666666668,-0.06666666666666668,-66666666666.66667,0.0,0.0,0.0,0,0,0.0
is_weekend,0.0,-0.03333333333333334,-0.03333333333333334,-33333333333.333336,0.0,0.0,0.0,0,0,0.0
is_weekend,0.0,0.0,0.0,0.0,0.0,0.0,0.0,0,0,0.0
is_weekend,0.0,0.033333333333333326,0.033333333333333326,33333333333.333324,0.0,0.0,0.0,0,0,0.0
is_weekend,0.0,0.06666666666666665,0.06666666666666665,66666666666.66665,0.0,0.0,0.0,0,0,0.0
is_weekend,0.0,0.1,0.1,100000000000.0,0.0,0.0,0.0,0,0,0.0
dom,24.0,23.9,-0.10000000000000142,-0.4166666666649365,0.0,0.0,0.0,0,0,0.0
dom,24.0,23.933333333333334,-0.06666666666666643,-0.2777777777766194,0.0,0.0,0.0,0,0,0.0
dom,24.0,23.966666666666665,-0.03333333333333499,-0.1388888888883171,0.0,0.0,0.0,0,0,0.0
dom,24.0,24.0,0.0,0.0,0.0,0.0,0.0,0,0,0.0
dom,24.0,24.033333333333335,0.03333333333333499,0.1388888888883171,0.0,0.0,0.0,0,0,0.0
dom,24.0,24.066666666666666,0.06666666666666643,0.2777777777766194,0.0,0.0,0.0,0,0,0.0
dom,24.0,24.1,0.10000000000000142,0.4166666666649365,0.0,0.0,0.0,0,0,0.0
month,7.0,6.9,-0.09999999999999964,-1.4285714285510154,0.0,0.0,0.0,0,0,0.0
month,7.0,6.933333333333334,-0.06666666666666643,-0.9523809523673435,0.0,0.0,0.0,0,0,0.0
month,7.0,6.966666666666667,-0.033333333333333215,-0.4761904761836718,0.0,0.0,0.0,0,0,0.0
month,7.0,7.0,0.0,0.0,0.0,0.0,0.0,0,0,0.0
month,7.0,7.033333333333333,0.033333333333333215,0.4761904761836718,0.0,0.0,0.0,0,0,0.0
month,7.0,7.066666666666666,0.06666666666666643,0.9523809523673435,0.0,0.0,0.0,0,0,0.0
month,7.0,7.1,0.09999999999999964,1.4285714285510154,0.0,0.0,0.0,0,0,0.0
quarter,3.0,2.9,-0.10000000000000009,-3.333333333222225,0.0,0.0,0.0,0,0,0.0
quarter,3.0,2.933333333333333,-0.06666666666666687,-2.2222222221481553,0.0,0.0,0.0,0,0,0.0
quarter,3.0,2.966666666666667,-0.033333333333333215,-1.1111111110740701,0.0,0.0,0.0,0,0,0.0
quarter,3.0,3.0,0.0,0.0,0.0,0.0,0.0,0,0,0.0
quarter,3.0,3.033333333333333,0.033333333333333215,1.1111111110740701,0.0,0.0,0.0,0,0,0.0
quarter,3.0,3.0666666666666664,0.06666666666666643,2.2222222221481402,0.0,0.0,0.0,0,0,0.0
quarter,3.0,3.1,0.10000000000000009,3.333333333222225,0.0,0.0,0.0,0,0,0.0
doy,205.0,204.9,-0.09999999999999432,-0.04878048780485149,0.0,0.0,0.0,0,0,0.0
doy,205.0,204.93333333333334,-0.06666666666666288,-0.03252032520323432,0.0,0.0,0.0,0,0,0.0
doy,205.0,204.96666666666667,-0.03333333333333144,-0.01626016260161716,0.0,0.0,0.0,0,0,0.0
doy,205.0,205.0,0.0,0.0,0.0,0.0,0.0,0,0,0.0
doy,205.0,205.03333333333333,0.03333333333333144,0.01626016260161716,0.0,0.0,0.0,0,0,0.0
doy,205.0,205.06666666666666,0.06666666666666288,0.03252032520323432,0.0,0.0,0.0,0,0,0.0
doy,205.0,205.1,0.09999999999999432,0.04878048780485149,0.0,0.0,0.0,0,0,0.0
iso_week,30.0,29.9,-0.10000000000000142,-0.333333333332227,0.0,0.0,0.0,0,0,0.0
iso_week,30.0,29.933333333333334,-0.06666666666666643,-0.22222222222148072,0.0,0.0,0.0,0,0,0.0
iso_week,30.0,29.966666666666665,-0.03333333333333499,-0.11111111111074627,0.0,0.0,0.0,0,0,0.0
iso_week,30.0,30.0,0.0,0.0,0.0,0.0,0.0,0,0,0.0
iso_week,30.0,30.033333333333335,0.03333333333333499,0.11111111111074627,0.0,0.0,0.0,0,0,0.0
iso_week,30.0,30.066666666666666,0.06666666666666643,0.22222222222148072,0.0,0.0,0.0,0,0,0.0
iso_week,30.0,30.1,0.10000000000000142,0.333333333332227,0.0,0.0,0.0,0,0,0.0
dow_sin,0.0,-0.1,-0.1,-100000000000.0,0.0,0.0,0.0,0,0,0.0
dow_sin,0.0,-0.06666666666666668,-0.06666666666666668,-66666666666.66667,0.0,0.0,0.0,0,0,0.0
dow_sin,0.0,-0.03333333333333334,-0.03333333333333334,-33333333333.333336,0.0,0.0,0.0,0,0,0.0
dow_sin,0.0,0.0,0.0,0.0,0.0,0.0,0.0,0,0,0.0
dow_sin,0.0,0.033333333333333326,0.033333333333333326,33333333333.333324,0.0,0.0,0.0,0,0,0.0
dow_sin,0.0,0.06666666666666665,0.06666666666666665,66666666666.66665,0.0,0.0,0.0,0,0,0.0
dow_sin,0.0,0.1,0.1,100000000000.0,0.0,0.0,0.0,0,0,0.0
dow_cos,1.0,0.9,-0.09999999999999998,-9.999999998999998,0.0,0.0,0.0,0,0,0.0
dow_cos,1.0,0.9333333333333333,-0.06666666666666665,-6.6666666659999985,0.0,0.0,0.0,0,0,0.0
dow_cos,1.0,0.9666666666666667,-0.033333333333333326,-3.3333333329999992,0.0,0.0,0.0,0,0,0.0
dow_cos,1.0,1.0,0.0,0.0,0.0,0.0,0.0,0,0,0.0
dow_cos,1.0,1.0333333333333332,0.033333333333333215,3.333333332999988,0.0,0.0,0.0,0,0,0.0
dow_cos,1.0,1.0666666666666667,0.06666666666666665,6.6666666659999985,0.0,0.0,0.0,0,0,0.0
dow_cos,1.0,1.1,0.10000000000000009,9.999999999000009,0.0,0.0,0.0,0,0,0.0
month_sin,-0.4999999999999997,-0.5999999999999998,-0.10000000000000003,20.000000004000018,0.0,0.0,0.0,0,0,0.0
month_sin,-0.4999999999999997,-0.5666666666666664,-0.06666666666666671,13.333333336000017,0.0,0.0,0.0,0,0,0.0
month_sin,-0.4999999999999997,-0.5333333333333331,-0.03333333333333338,6.666666668000014,0.0,0.0,0.0,0,0,0.0
month_sin,-0.4999999999999997,-0.4999999999999997,0.0,-0.0,0.0,0.0,0.0,0,0,0.0
month_sin,-0.4999999999999997,-0.4666666666666664,0.033333333333333326,-6.666666668000003,0.0,0.0,0.0,0,0,0.0
month_sin,-0.4999999999999997,-0.43333333333333307,0.06666666666666665,-13.333333336000006,0.0,0.0,0.0,0,0,0.0
month_sin,-0.4999999999999997,-0.3999999999999997,0.10000000000000003,-20.000000004000018,0.0,0.0,0.0,0,0,0.0
month_cos,-0.8660254037844388,-0.9660254037844388,-0.09999999999999998,11.547005385125845,0.0,0.0,0.0,0,0,0.0
month_cos,-0.8660254037844388,-0.9326920704511055,-0.06666666666666665,7.698003590083896,0.0,0.0,0.0,0,0,0.0
month_cos,-0.8660254037844388,-0.8993587371177721,-0.033333333333333326,3.849001795041948,0.0,0.0,0.0,0,0,0.0
month_cos,-0.8660254037844388,-0.8660254037844388,0.0,-0.0,0.0,0.0,0.0,0,0,0.0
month_cos,-0.8660254037844388,-0.8326920704511055,0.033333333333333326,-3.849001795041948,0.0,0.0,0.0,0,0,0.0
month_cos,-0.8660254037844388,-0.7993587371177722,0.06666666666666665,-7.698003590083896,0.0,0.0,0.0,0,0,0.0
month_cos,-0.8660254037844388,-0.7660254037844388,0.09999999999999998,-11.547005385125845,0.0,0.0,0.0,0,0,0.0
